"CA Owner","Certificate Name","Apple Status","Apple Trust Bits","Google Chrome Status","Microsoft Status","Microsoft EKUs","Mozilla Status","Mozilla Trust Bits","SHA-256 Fingerprint"
"A-Trust","A-Trust-Root-07","Not Included","","Not Included","Included","Server Authentication","Not Yet Included","","8AC552AD577E37AD2C6808D72AA331D6A96B4B3FEBFF34CE9BC0578E08055EC3"
"A-Trust","A-Trust-Root-09","Not Included","","Not Included","Included","Server Authentication;Client Authentication","Not Yet Included","","7A38F708A35A31E42E1CF3220F9A2D273E7666354618B2464657D43D8E77ADC2"
"AC Camerfirma, S.A.","Chambers of Commerce Root","Removed","","Not Included","NotBefore","Server Authentication;Client Authentication;Code Signing;Secure Email;Time Stamping","Removed","","0C258A12A5674AEF25F28BA7DCFAECEEA348E541E6F5CC4EE63B71B361606AC3"
"AC Camerfirma, S.A.","Chambers of Commerce Root - 2008","Blocked","","Not Included","Included","Server Authentication;Client Authentication;Code Signing;Encrypting File System;IP Security Tunnel Termination;IP Security User;Secure Email;Time Stamping","Removed","","063E4AFAC491DFD332F3089B8542E94617D893D7FE944E10A7937EE29D9693C0"
"AC Camerfirma, S.A.","CHAMBERS OF COMMERCE ROOT - 2016","Not Included","","Not Included","Included","Server Authentication;Client Authentication;Code Signing;Secure Email;Time Stamping","Not Yet Included","","04F1BEC36951BC1454A904CE32890C5DA3CDE1356B7900F6E62DFA2041EBAD51"
"AC Camerfirma, S.A.","Global Chambersign Root - 2008","Blocked","","Not Included","Included","Server Authentication;Client Authentication;Code Signing;Encrypting File System;IP Security Tunnel Termination;IP Security User;Secure Email;Time Stamping","Removed","","136335439334A7698016A0D324DE72284E079D7B5220BB8FBD747816EEBEBACA"
"AC Camerfirma, S.A.","GLOBAL CHAMBERSIGN ROOT - 2016","Not Included","","Not Included","Included","Server Authentication;Client Authentication;Secure Email","Not Yet Included","","C1D80CE474A51128B77E794A98AA2D62A0225DA3F419E5C7ED73DFBF660E7109"
"Actalis","Actalis Authentication Root CA","Included","serverAuth;clientAuth;emailProtection","Included","Included","Server Authentication;Client Authentication;Code Signing;Secure Email;Time Stamping","Included","Websites;Email","55926084EC963A64B96E2ABE01CE0BA86A64FBFEBCC7AAB5AFC155B37FD76066"
"Agence Nationale de Certification Electronique","TunTrust Root CA","Not Included","","Included","Included","Server Authentication;Client Authentication","Included","Websites","2E44102AB58CB85419451C8E19D9ACF3662CAFBC614B6A53960A30F7D0E2EB41"
"Agencia Notarial de Certificación (ANCERT)","ANCERT Certificados CGN V2","Not Included","","Not Included","Included","Server Authentication;Client Authentication;Code Signing;Document Signing;Secure Email;Time Stamping","Not Yet Included","","F4336BC2AC75950BECCF1C1F2F9DA6DDDAFD1F41161CA71F59C76889BD474033"
"Agencia Notarial de Certificación (ANCERT)","ANCERT Certificados Notariales V2","Not Included","","Not Included","Included","Server Authentication;Client Authentication;Code Signing;Document Signing;Secure Email;Time Stamping","Not Yet Included","","4BE8B5A1C76C6AEAD0611918FCCF9DBD398B67FB12294758BDF994D0F9682F60"
"Amazon Trust Services","Amazon Root CA 1","Included","serverAuth;clientAuth;emailProtection","Included","Included","Server Authentication;Client Authentication;Document Signing;Encrypting File System;Secure Email;Time Stamping","Included","Websites;Email","8ECDE6884F3D87B1125BA31AC3FCB13D7016DE7F57CC904FE1CB97C6AE98196E"
"Amazon Trust Services","Amazon Root CA 2","Included","serverAuth;clientAuth;emailProtection","Included","Included","Server Authentication;Client Authentication;Code Signing;Document Signing;Encrypting File System;Secure Email;Time Stamping","Included","Websites;Email","1BA5B2AA8C65401A82960118F80BEC4F62304D83CEC4713A19C39C011EA46DB4"
"Amazon Trust Services","Amazon Root CA 3","Included","serverAuth;clientAuth;emailProtection","Included","Included","Server Authentication;Client Authentication;Document Signing;Encrypting File System;Secure Email;Time Stamping","Included","Websites;Email","18CE6CFE7BF14E60B2E347B8DFE868CB31D02EBB3ADA271569F50343B46DB3A4"
"Amazon Trust Services","Amazon Root CA 4","Included","serverAuth;clientAuth;emailProtection","Included","Included","Server Authentication;Client Authentication;Code Signing;Document Signing;Encrypting File System;Secure Email;Time Stamping","Included","Websites;Email","E35D28419ED02025CFA69038CD623962458DA5C695FBDEA3C22B0BFB25897092"
"Amazon Trust Services","Starfield Services Root Certificate Authority - G2","Included","serverAuth;clientAuth","Removed","Included","Server Authentication;Client Authentication;Code Signing;Encrypting File System;IP Security Tunnel Termination;IP Security User;Secure Email;Time Stamping","Included","Websites","568D6905A2C88708A4B3025190EDCFEDB1974A606A13C6E5290FCB2AE63EDAB5"
"Asseco Data Systems S.A. (previously Unizeto Certum)","Certum CA","Included","clientAuth;emailProtection","Not Included","Included","Server Authentication;Client Authentication;Code Signing;OCSP Signing;Secure Email;Time Stamping","Included","Email","D8E0FEBC1DB2E38D00940F37D27D41344D993E734B99D5656D9778D4D8143624"
"Asseco Data Systems S.A. (previously Unizeto Certum)","Certum EC-384 CA","Included","serverAuth;clientAuth;emailProtection","Included","Included","Server Authentication;Client Authentication;Code Signing;Secure Email;Time Stamping","Included","Websites;Email","6B328085625318AA50D173C98D8BDA09D57E27413D114CF787A0F5D06C030CF6"
"Asseco Data Systems S.A. (previously Unizeto Certum)","Certum Trusted Network CA","Included","serverAuth;clientAuth;emailProtection","Included","Included","Server Authentication;Client Authentication;Code Signing;Encrypting File System;IP Security Tunnel Termination;IP Security User;Secure Email;Time Stamping","Included","Websites;Email","5C58468D55F58E497E743982D2B50010B6D165374ACF83A7D4A32DB768C4408E"
"Asseco Data Systems S.A. (previously Unizeto Certum)","Certum Trusted Network CA 2","Included","serverAuth;clientAuth;emailProtection","Included","Included","Server Authentication;Client Authentication;Code Signing;Secure Email","Included","Websites;Email","B676F2EDDAE8775CD36CB0F63CD1D4603961F49E6265BA013A2F0307B6D0B804"
"Asseco Data Systems S.A. (previously Unizeto Certum)","Certum Trusted Root CA","Included","serverAuth;clientAuth;emailProtection","Included","Included","Server Authentication;Client Authentication;Code Signing;Secure Email;Time Stamping","Included","Websites;Email","FE7696573855773E37A95E7AD4D9CC96C30157C15D31765BA9B15704E1AE78FD"
"Autoridad de Certificacion Firmaprofesional","Autoridad de Certificacion Firmaprofesional CIF A62634068","Not Included","","Included","Included","Server Authentication;Client Authentication","Included","Websites","57DE0583EFD2B26E0361DA99DA9DF4648DEF7EE8441C3B728AFA9BCDE0F9B26A"
"Autoridad de Certificacion Firmaprofesional","Autoridad de Certificacion Firmaprofesional CIF A62634068","Included","serverAuth;clientAuth","Not Included","Included","Server Authentication;Client Authentication;Code Signing;Encrypting File System;IP Security Tunnel Termination;IP Security User;Secure Email;Time Stamping","Removed","","04048028BF1F2864D48F9AD4D83294366A828856553F3B14303F90147F5D40EF"
"Autoridad de Certificacion Firmaprofesional","FIRMAPROFESIONAL CA ROOT-A WEB","Not Included","","Not Included","Not Included","","Included","Websites","BEF256DAF26E9C69BDEC1602359798F3CAF71821A03E018257C53C65617F3D4A"
"Autoridad de Certificación (ANF AC)","ANF Global Root CA","Not Included","","Not Included","Included","Server Authentication;Client Authentication","Not Yet Included","","E0E17AEA06CF9CE12AAE8190345A2C59720130A7D8FF72F3745AD75DBAA365B6"
"Autoridad de Certificación (ANF AC)","ANF Secure Server Root CA","Not Included","","Included","Not Included","","Included","Websites","FB8FEC759169B9106B1E511644C618C51304373F6C0643088D8BEFFD1B997599"
"BEIJING CERTIFICATE AUTHORITY Co., Ltd.","BJCA Global Root CA1","Not Included","","Not Included","Not Included","","Included","Websites","F3896F88FE7C0A882766A7FA6AD2749FB57A7F3E98FB769C1FA7B09C2C44D5AE"
"BEIJING CERTIFICATE AUTHORITY Co., Ltd.","BJCA Global Root CA2","Not Included","","Not Included","Not Included","","Included","Websites","574DF6931E278039667B720AFDC1600FC27EB66DD3092979FB73856487212882"
"Buypass","Buypass Class 2 Root CA","Included","serverAuth;clientAuth","Included","Included","Server Authentication;Client Authentication;Encrypting File System;IP Security Tunnel Termination;IP Security User;OCSP Signing;Secure Email;Time Stamping","Included","Websites","9A114025197C5BB95D94E63D55CD43790847B646B23CDF11ADA4A00EFF15FB48"
"Buypass","Buypass Class 3 Root CA","Included","serverAuth;clientAuth","Included","Included","Server Authentication;Client Authentication;OCSP Signing;Secure Email;Time Stamping","Included","Websites","EDF7EBBCA27A2A384D387B7D4010C666E2EDB4843E4C29B4AE1D5B9332E6B24D"
"Buypass","Buypass Class 3 Root CA G2 HT","Not Included","","Not Included","Included","Document Signing","Not Yet Included","","AB936DFD7F171D3A3CBD08F9BEBDC3F3BAAABAA79DF6A908F8A7B0128627F187"
"Byte Computer S.A.","BYTE Root Certification Authority 001","Not Included","","Not Included","Included","Client Authentication;Code Signing;Document Signing;Secure Email;Time Stamping","Not Yet Included","","39AE2E6F304A6236BDF9066718DDC69E51AF5ED05A63F2EE8D80CA1D1CC8FE4F"
"Carillon Information Security Inc.","Carillon PKI Services G2 Root CA 1","Not Included","","Not Included","Included","Client Authentication;Document Signing;Secure Email;Time Stamping","Not Yet Included","","EE0EC4A0B5E6ECB865F49689B50E3DE38D4FD924A4041C0C2A62636DB0B6B31D"
"Certainly LLC","Certainly Root E1","Included","serverAuth;clientAuth","Included","Not Included","","Included","Websites","B4585F22E4AC756A4E8612A1361C5D9D031A93FD84FEBB778FA3068B0FC42DC2"
"Certainly LLC","Certainly Root R1","Included","serverAuth;clientAuth","Included","Not Included","","Included","Websites","77B82CD8644C4305F7ACC5CB156B45675004033D51C60C6202A8E0C33467D3A0"
"Certicámara","AC Raíz Certicámara S.A.","Not Included","","Not Included","NotBefore","Client Authentication;Code Signing;Encrypting File System;IP Security IKE Intermediate;IP Security Tunnel Termination;IP Security User;Secure Email;Time Stamping;IP Security End System","Not Yet Included","","D2A90E5D35CAC4D41F7D44CE66AFF885E1815FB339185853A87E66C05C9BEF1E"
"Certigna","Certigna","Included","serverAuth;clientAuth;emailProtection","Included","Included","Server Authentication;Client Authentication;Code Signing;IP Security IKE Intermediate;IP Security Tunnel Termination;IP Security User;OCSP Signing;Secure Email;Time Stamping","Included","Websites;Email","E3B6A2DB2ED7CE48842F7AC53241C7B71D54144BFB40C11F3F1D0B42F5EEA12D"
"Certigna","Certigna Root CA","Not Included","","Included","Included","Server Authentication;Client Authentication;Code Signing;Document Signing;Encrypting File System;Secure Email;Time Stamping","Included","Websites;Email","D48D3D23EEDB50A459E55197601C27774B9D7B18C94D5A059511A10250B93168"
"certSIGN","certSIGN ROOT CA","Included","serverAuth;clientAuth;emailProtection","Included","Included","Server Authentication;Client Authentication;Code Signing;Encrypting File System;IP Security Tunnel Termination;IP Security User;Secure Email;Time Stamping","Included","Websites","EAA962C4FA4A6BAFEBE415196D351CCD888D4F53F3FA8AE6D7C466A94E6042BB"
"certSIGN","certSIGN ROOT CA G2","Included","serverAuth;clientAuth;emailProtection","Included","Included","Server Authentication;Client Authentication;Document Signing;Secure Email","Included","Websites","657CFE2FA73FAA38462571F332A2363A46FCE7020951710702CDFBB6EEDA3305"
"China Financial Certification Authority (CFCA)","CFCA EV ROOT","Included","serverAuth;clientAuth","Included","Included","Server Authentication;Client Authentication;Code Signing;Encrypting File System;IP Security Tunnel Termination;IP Security User;OCSP Signing;Secure Email;Time Stamping","Included","Websites","5CC3D78E4E1D5E45547A04E6873E64F90CF9536D1CCC2EF800F355C4C5FD70FD"
"China Financial Certification Authority (CFCA)","CFCA Identity CA","Not Included","","Not Included","Included","Document Signing","Not Yet Included","","FFB85C26308A961351249EA641F659D49F639E91DAED9C92D046CCDCECC93D2F"
"Chunghwa Telecom","ePKI Root Certification Authority","Included","serverAuth;clientAuth;emailProtection;timeStamping;codeSigning","Included","Included","Server Authentication;Client Authentication;Code Signing;Encrypting File System;IP Security IKE Intermediate;IP Security Tunnel Termination;IP Security User;OCSP Signing;Secure Email;Time Stamping","Included","Email","C0A6F4DC63A24BFDCF54EF2A6A082A0A72DE35803E2FF5FF527AE5D87206DFD5"
"Chunghwa Telecom","ePKI Root Certification Authority - G2","Not Included","","Not Included","Included","Server Authentication;Client Authentication;Code Signing;Document Signing;Encrypting File System;Secure Email;Time Stamping","Not Yet Included","","1E51942B84FD467BF77D1C89DA241C04254DC8F3EF4C22451FE7A89978BDCD4F"
"Chunghwa Telecom","ePKI Root Certification Authority - G4","Not Included","","Not Included","Included","Document Signing;Secure Email;Time Stamping","Not Yet Included","","19A2FA09332C6D8EAC1393D5F30371DD8B4DD687B0E1E50A6B48AE762CABA2B5"
"Chunghwa Telecom","HiPKI Root CA - G1","Included","serverAuth;clientAuth","Included","Included","Server Authentication;Client Authentication","Included","Websites","F015CE3CC239BFEF064BE9F1D2C417E1A0264A0A94BE1F0C8D121864EB6949CC"
"ComSign","ComSign Global Root CA","Blocked","","Not Included","Included","Server Authentication;Client Authentication;OCSP Signing;Secure Email;Time Stamping","Not Yet Included","","2605875AFCC176B2D66DD66A995D7F8D5EBB86CE120D0E7E9E7C6EF294A27D4C"
"Consejo General de la Abogacía Española","ACA ROOT","Not Included","","Not Included","Included","Server Authentication;Client Authentication;Code Signing;Secure Email;Time Stamping","Not Yet Included","","97F654859CBDE586FD90311E82EC7902C238CBA0D6E529564C9C88F44895EC50"
"Consorci Administració Oberta de Catalunya (Consorci AOC, CATCert)","EC-ACC","Not Included","","Not Included","Included","Server Authentication;Client Authentication;Code Signing;OCSP Signing;Secure Email;Time Stamping","Removed","","88497F01602F3154246AE28C4D5AEF10F1D87EBB76626F4AE0B7F95BA7968799"
"Cybertrust Japan / JCSI","Cybertrust iTrust Root Certification Authority","Not Included","","Not Included","Included","Document Signing;Secure Email","Not Yet Included","","E90DBEB2D360CC6F98994EEFC68C4147F2DFD9C68A3BF063C6A971F3E11BAF4E"
"Cybertrust Japan / JCSI","SecureSign Root CA12","Not Included","","Not Included","Included","Server Authentication;Client Authentication;Secure Email","Included","Websites","3F034BB5704D44B2D08545A02057DE93EBF3905FCE721ACBC730C06DDAEE904E"
"Cybertrust Japan / JCSI","SecureSign Root CA14","Not Included","","Not Included","Included","Server Authentication;Client Authentication;Secure Email","Included","Websites","4B009C1034494F9AB56BBA3BA1D62731FC4D20D8955ADCEC10A925607261E338"
"Cybertrust Japan / JCSI","SecureSign Root CA15","Not Included","","Not Included","Included","Server Authentication;Client Authentication;Secure Email","Included","Websites","E778F0F095FE843729CD1A0082179E5314A9C291442805E1FB1D8FB6B8886C3A"
"Cybertrust Japan / JCSI","SecureSign Root CA16","Not Included","","Not Included","Included","Secure Email","Not Yet Included","","4C1CCD24F17E950FC18536B33CAFE32293CFC33E8467B41E1C693055D7F513BF"
"Cybertrust Japan / JCSI","SecureSign RootCA11","Not Included","","Removed","Included","Client Authentication;Code Signing;Encrypting File System;IP Security Tunnel Termination;IP Security User;Secure Email;Time Stamping","Removed","","BF0FEEFB9E3A581AD5F9E9DB7589985743D261085C4D314F6F5D7259AA421612"
"D-TRUST","D-TRUST BR Root CA 1 2020","Not Included","","Included","Included","Server Authentication;Client Authentication","Included","Websites","E59AAA816009C22BFF5B25BAD37DF306F049797C1F81D85AB089E657BD8F0044"
"D-Trust","D-TRUST BR Root CA 2 2023","Not Included","","Not Included","Included","Server Authentication;Client Authentication","Included","Websites","0552E6F83FDF65E8FA9670E666DF28A4E21340B510CBE52566F97C4FB94B2BD1"
"D-TRUST","D-TRUST EV Root CA 1 2020","Not Included","","Included","Included","Server Authentication;Client Authentication","Included","Websites","08170D1AA36453901A2F959245E347DB0C8D37ABAABC56B81AA100DC958970DB"
"D-Trust","D-TRUST EV Root CA 2 2023","Not Included","","Not Included","Included","Server Authentication;Client Authentication","Included","Websites","8E8221B2E7D4007836A1672F0DCC299C33BC07D316F132FA1A206D587150F1CE"
"D-TRUST","D-TRUST Root CA 3 2013","Included","clientAuth;emailProtection","Not Included","Included","Client Authentication;Secure Email","Included","Email","A1A86D04121EB87F027C66F53303C28E5739F943FC84B38AD6AF009035DD9457"
"D-TRUST","D-TRUST Root Class 3 CA 2 2009","Included","serverAuth;clientAuth","Included","Included","Server Authentication;Client Authentication;Code Signing;Secure Email;Time Stamping","Included","Websites","49E7A442ACF0EA6287050054B52564B650E4F49E42E348D6AA38E039E957B1C1"
"D-TRUST","D-TRUST Root Class 3 CA 2 EV 2009","Included","serverAuth;clientAuth","Included","Included","Server Authentication;Client Authentication;Code Signing;Secure Email;Time Stamping","Included","Websites","EEC5496B988CE98625B934092EEC2908BED0B0F316C2D4730C84EAF1F3D34881"
"D-TRUST","D-Trust SBR Root CA 1 2022","Not Included","","Not Included","Included","Secure Email","Included","Email","D92C171F5CF890BA428019292927FE22F3207FD2B54449CB6F675AF4922146E2"
"D-TRUST","D-Trust SBR Root CA 2 2022","Not Included","","Not Included","Included","Secure Email","Included","Email","DBA84DD7EF622D485463A90137EA4D574DF8550928F6AFA03B4D8B1141E636CC"
"Department of Defence Australia","Australian Defence Public Root CA","Not Included","","Not Included","Included","Server Authentication;Client Authentication;Code Signing;Encrypting File System;IP Security Tunnel Termination;IP Security User;Secure Email;Time Stamping;IP Security End System","Not Yet Included","","209E956AF04DF3996507C887D356230D6EB49FDBDD2D8A058FF50B8F80F690AA"
"Deutsche Telekom Security GmbH","T-TeleSec GlobalRoot Class 2","Included","serverAuth;clientAuth;emailProtection","Included","Included","Server Authentication;Client Authentication;Secure Email","Included","Websites;Email","91E2F5788D5810EBA7BA58737DE1548A8ECACD014598BC0B143E041B17052552"
"Deutsche Telekom Security GmbH","T-TeleSec GlobalRoot Class 3","Included","serverAuth;clientAuth","Included","Included","Server Authentication;Client Authentication;OCSP Signing;Secure Email","Included","Websites","FD73DAD31C644FF1B43BEF0CCDDA96710B9CD9875ECA7E31707AF3E96D522BBD"
"Deutsche Telekom Security GmbH","Telekom Security SMIME ECC Root 2021","Not Included","","Not Included","Included","Client Authentication;Secure Email","Included","Email","3AE6DF7E0D637A65A8C81612EC6F9A142F85A16834C10280D88E707028518755"
"Deutsche Telekom Security GmbH","Telekom Security SMIME RSA Root 2023","Not Included","","Not Included","Included","Client Authentication;Secure Email","Included","Email","78A656344F947E9CC0F734D9053D32F6742086B6B9CD2CAE4FAE1A2E4EFDE048"
"Deutsche Telekom Security GmbH","Telekom Security TLS ECC Root 2020","Not Included","","Not Included","Included","Server Authentication;Client Authentication","Included","Websites","578AF4DED0853F4E5998DB4AEAF9CBEA8D945F60B620A38D1A3C13B2BC7BA8E1"
"Deutsche Telekom Security GmbH","Telekom Security TLS RSA Root 2023","Not Included","","Not Included","Included","Server Authentication;Client Authentication","Included","Websites","EFC65CADBB59ADB6EFE84DA22311B35624B71B3B1EA0DA8B6655174EC8978646"
"DigiCert","Baltimore CyberTrust Root","Removed","","Removed","Included","Server Authentication;Client Authentication;Code Signing;OCSP Signing;Secure Email;Time Stamping","Removed","","16AF57A9F676B0AB126095AA5EBADEF22AB31119D644AC95CD4B93DBF3F26AEB"
"DigiCert","DigiCert Assured ID Root CA","Included","serverAuth;clientAuth;emailProtection","Included","Included","Server Authentication;Client Authentication;Code Signing;Secure Email;Time Stamping","Included","Websites;Email","3E9099B5015E8F486C00BCEA9D111EE721FABA355A89BCF1DF69561E3DC6325C"
"DigiCert","DigiCert Assured ID Root G2","Included","serverAuth;clientAuth;emailProtection","Included","Included","Server Authentication;Client Authentication;Code Signing;Secure Email;Time Stamping","Included","Websites;Email","7D05EBB682339F8C9451EE094EEBFEFA7953A114EDB2F44949452FAB7D2FC185"
"DigiCert","DigiCert Assured ID Root G3","Included","serverAuth;clientAuth;emailProtection","Included","Included","Server Authentication;Client Authentication;Code Signing;Secure Email;Time Stamping","Included","Websites;Email","7E37CB8B4C47090CAB36551BA6F45DB840680FBA166A952DB100717F43053FC2"
"DigiCert","DigiCert Client ECC P384 Root G5","Not Included","","Not Included","Included","Client Authentication","Not Yet Included","","CD851C5C25467C0095A43927D0B2292D932975E84DCE4C5E794542C6574C3AA4"
"DigiCert","DigiCert Client RSA4096 Root G5","Not Included","","Not Included","Included","Client Authentication","Not Yet Included","","3AF21466920FA91FA31F4331E445C16BE2330024BFD2C239C0D85AB530714766"
"DigiCert","DigiCert CS ECC P384 Root G5","Not Included","","Not Included","Included","Code Signing;Time Stamping","Not Yet Included","","26C56AD2208D1E9B152F66853BF4797CBEB7552C1F3F477251E8CB1AE7E797BF"
"DigiCert","DigiCert CS RSA4096 Root G5","Not Included","","Not Included","Included","Code Signing;Time Stamping","Not Yet Included","","7353B6D6C2D6DA4247773F3F07D075DECB5134212BEAD0928EF1F46115260941"
"DigiCert","DigiCert ECC P384 Root G5","Not Included","","Not Included","Included","Server Authentication;Client Authentication;Code Signing;Document Signing;Secure Email;Time Stamping","Not Yet Included","","C1468CF2254E6004B24696ABA209D1A30BA6E2DFF68A9A4E32C6AB414F90C8D9"
"DigiCert","DigiCert Global Root CA","Included","serverAuth;clientAuth;emailProtection","Included","Included","Server Authentication;Client Authentication;Code Signing;Secure Email;Time Stamping","Included","Websites;Email","4348A0E9444C78CB265E058D5E8944B4D84F9662BD26DB257F8934A443C70161"
"DigiCert","DigiCert Global Root G2","Included","serverAuth;clientAuth;emailProtection","Included","Included","Server Authentication;Client Authentication;Code Signing;Secure Email;Time Stamping","Included","Websites;Email","CB3CCBB76031E5E0138F8DD39A23F9DE47FFC35E43C1144CEA27D46A5AB1CB5F"
"DigiCert","DigiCert Global Root G3","Included","serverAuth;clientAuth;emailProtection","Included","Included","Server Authentication;Client Authentication;Code Signing;Secure Email;Time Stamping","Included","Websites;Email","31AD6648F8104138C738F39EA4320133393E3A18CC02296EF97C2AC9EF6731D0"
"DigiCert","DigiCert High Assurance EV Root CA","Included","serverAuth;clientAuth;emailProtection","Included","Included","Server Authentication;Client Authentication;Code Signing;Secure Email;Time Stamping","Included","Websites;Email","7431E5F4C3C1CE4690774F0B61E05440883BA9A01ED00BA6ABD7806ED3B118CF"
"DigiCert","DigiCert RSA4096 Root G5","Not Included","","Not Included","Included","Server Authentication;Client Authentication;Code Signing;Document Signing;Secure Email;Time Stamping","Not Yet Included","","E46A392204A8DCA342A71C1CA9A60C9185B9A930370120C3B9C7E3856F0D8F3B"
"DigiCert","DigiCert SMIME ECC P384 Root G5","Included","clientAuth;emailProtection","Not Included","Included","Client Authentication;Secure Email","Included","Email","E8E8176536A60CC2C4E10187C3BEFCA20EF263497018F566D5BEA0F94D0C111B"
"DigiCert","DigiCert SMIME RSA4096 Root G5","Included","clientAuth;emailProtection","Not Included","Included","Client Authentication;Secure Email","Included","Email","90370D3EFA88BF58C30105BA25104A358460A7FA52DFC2011DF233A0F417912A"
"DigiCert","DigiCert TLS ECC P384 Root G5","Included","serverAuth;clientAuth","Included","Included","Server Authentication;Client Authentication","Included","Websites","018E13F0772532CF809BD1B17281867283FC48C6E13BE9C69812854A490C1B05"
"DigiCert","DigiCert TLS RSA4096 Root G5","Included","serverAuth;clientAuth","Included","Included","Server Authentication;Client Authentication","Included","Websites","371A00DC0533B3721A7EEB40E8419E70799D2B0A0F2C1D80693165F7CEC4AD75"
"DigiCert","DigiCert Trusted Root G4","Included","serverAuth;clientAuth;emailProtection","Included","Included","Server Authentication;Client Authentication;Code Signing;Secure Email;Time Stamping","Included","Websites;Email","552F7BDCF1A7AF9E6CE672017F4F12ABF77240C78E761AC203D1D9D20AC89988"
"DigiCert","DigiCert Verified Mark Root CA","Included","BrandIndicatorforMessageIdentification","Not Included","Not Included","","Not Yet Included","","504386C9EE8932FECC95FADE427F69C3E2534B7310489E300FEE448E33C46B42"
"DigiCert","GeoTrust Universal CA","Not Included","","Not Included","Included","Server Authentication;Client Authentication;Code Signing;Secure Email;Time Stamping","Removed","","A0459B9F63B22559F5FA5D4C6DB3F9F72FF19342033578F073BF1D1B46CBB912"
"DigiCert","Hotspot 2.0 Trust Root CA - 03","Not Included","","Not Included","Included","Server Authentication;Client Authentication;Secure Email","Not Yet Included","","A3CC68595DFE7E86D8AD1772A8B5284ADD54ACE3B8A798DF47BCCAFB1FDB84DF"
"DigiCert","QuoVadis Client ECC P384 Root G4","Not Included","","Not Included","Included","Client Authentication","Not Yet Included","","D3C07AC44BD8FF1975BC62F1C7E9840EA8E188A4BA51133B8C4EFF05E34A2729"
"DigiCert","QuoVadis Client RSA 4096 Root G4","Not Included","","Not Included","Included","Client Authentication","Not Yet Included","","80AC91FA891C79723A61ABC77F86E19905A92DA27E51695CA0C0B66C1C039BF2"
"DigiCert","QuoVadis Root CA 1 G3","Included","serverAuth;clientAuth;emailProtection","Removed","Included","Server Authentication;Client Authentication;Code Signing;OCSP Signing;Secure Email;Time Stamping","Included","Websites;Email","8A866FD1B276B57E578E921C65828A2BED58E9F2F288054134B7F1F4BFC9CC74"
"DigiCert","QuoVadis Root CA 2","Included","serverAuth;clientAuth;emailProtection","Included","Included","Server Authentication;Client Authentication;Code Signing;OCSP Signing;Secure Email;Time Stamping","Included","Websites;Email","85A0DD7DD720ADB7FF05F83D542B209DC7FF4528F7D677B18389FEA5E5C49E86"
"DigiCert","QuoVadis Root CA 2 G3","Included","serverAuth;clientAuth","Included","Included","Server Authentication;Client Authentication;Code Signing;OCSP Signing;Secure Email;Time Stamping","Included","Websites","8FE4FB0AF93A4D0D67DB0BEBB23E37C71BF325DCBCDD240EA04DAF58B47E1840"
"DigiCert","QuoVadis Root CA 3","Included","serverAuth;clientAuth;emailProtection","Removed","Included","Server Authentication;Client Authentication;Code Signing;OCSP Signing;Secure Email;Time Stamping","Included","Websites;Email","18F1FC7F205DF8ADDDEB7FE007DD57E3AF375A9C4D8D73546BF4F1FED1E18D35"
"DigiCert","QuoVadis Root CA 3 G3","Included","serverAuth;clientAuth;emailProtection","Included","Included","Server Authentication;Client Authentication;Code Signing;OCSP Signing;Secure Email;Time Stamping","Included","Websites;Email","88EF81DE202EB018452E43F864725CEA5FBD1FC2D9D205730709C5D8B8690F46"
"DigiCert","QuoVadis Signing ECC P384 Root G4","Not Included","","Not Included","Included","Client Authentication;Document Signing;Secure Email;Time Stamping","Not Yet Included","","771535D43D4633BD307EB7B8A3966B5DF00707C088089920080C1AE6D3CB0F68"
"DigiCert","QuoVadis Signing RSA 4096 Root G4","Not Included","","Not Included","Included","Client Authentication;Document Signing;Secure Email;Time Stamping","Not Yet Included","","9F8E6DB31E740285E0C2C2DEB09E442BDD4E74BDEEAE2962BC82D1ECB9F39855"
"DigiCert","QuoVadis SMIME ECC P384 Root G4","Not Included","","Not Included","Included","Client Authentication;Secure Email","Not Yet Included","","83FDDB2FD9DAE3B21EEBD33CF46251D746F0D6102B683150DD7B98AD8E4BB9F8"
"DigiCert","QuoVadis SMIME RSA 4096 Root G4","Not Included","","Not Included","Included","Client Authentication;Secure Email","Not Yet Included","","5232A304AA4A10CFE6C47842EA3381CB31D619E24F58126D534CD50C5CE7845D"
"DigiCert","QuoVadis TLS ECC P384 Root G4","Not Included","","Not Included","Included","Server Authentication;Client Authentication","Not Yet Included","","6E1FD3AE0D2D477C8F5EE5F335CC5B6356872654E5356A73D8C0A30A17C252A2"
"DigiCert","QuoVadis TLS RSA 4096 Root G4","Not Included","","Not Included","Included","Server Authentication;Client Authentication","Not Yet Included","","C8A2D38A24F5AC302D8A08EBD38923D9A750B49220F092E82D1C53249E1533D0"
"DigiCert","Symantec Class 1 Public Primary Certification Authority - G4","Removed","","Not Included","Included","Client Authentication;Secure Email","Removed","","363F3C849EAB03B0A2A0F636D7B86D04D3AC7FCFE26A0A9121AB9795F6E176DF"
"DigiCert","Symantec Class 1 Public Primary Certification Authority - G6","Removed","","Not Included","Included","Client Authentication;Secure Email","Removed","","9D190B2E314566685BE8A889E27AA8C7D7AE1D8AADDBA3C1ECF9D24863CD34B9"
"DigiCert","Symantec Class 2 Public Primary Certification Authority - G4","Removed","","Not Included","Included","Client Authentication;Secure Email","Removed","","FE863D0822FE7A2353FA484D5924E875656D3DC9FB58771F6F616F9D571BC592"
"DigiCert","Symantec Class 2 Public Primary Certification Authority - G6","Removed","","Not Included","Included","Client Authentication;Secure Email","Removed","","CB627D18B58AD56DDE331A30456BC65C601A4E9B18DEDCEA08E7DAAA07815FF0"
"DigiCert","thawte Primary Root CA","Removed","","Not Included","NotBefore","Server Authentication;Client Authentication;Code Signing;Secure Email","Removed","","8D722F81A9C113C0791DF136A2966DB26C950A971DB46B4199F4EA54B78BFB9F"
"DigiCert","VeriSign Class 1 Public Primary Certification Authority - G3","Removed","","Not Included","Included","Client Authentication;Secure Email","Removed","","CBB5AF185E942A2402F9EACBC0ED5BB876EEA3C1223623D00447E4F3BA554B65"
"DigiCert","VeriSign Class 2 Public Primary Certification Authority - G3","Removed","","Not Included","Included","Client Authentication;Code Signing;Secure Email","Removed","","92A9D9833FE1944DB366E8BFAE7A95B6480C2D6C6C2A1BE65D4236B608FCA1BB"
"DigiCert","VeriSign Class 3 Public Primary Certification Authority - G5","Blocked","","Not Included","NotBefore","Server Authentication;Client Authentication;Code Signing;Secure Email","Removed","","9ACFAB7E43C8D880D06B262A94DEEEE4B4659989C3D0CAF19BAF6405E41AB7DF"
"DigiCert","VeriSign Universal Root Certification Authority","Removed","","Not Included","Included","Server Authentication;Client Authentication;Code Signing;Secure Email;Time Stamping","Removed","","2399561127A57125DE8CEFEA610DDF2FA078B5C8067F4E828290BFB860E84B3C"
"DigiCert","Verizon Global Root CA","Not Included","","Not Included","Included","Server Authentication;Client Authentication;Code Signing;Secure Email;Time Stamping","Not Yet Included","","68AD50909B04363C605EF13581A939FF2C96372E3F12325B0A6861E1D59F6603"
"DigitalSign - Certificadora Digital, S.A.","DIGITALSIGN GLOBAL ROOT ECDSA CA","Not Included","","Not Included","Not Included","","Included","Email","261D7114AE5F8FF2D8C7209A9DE4289E6AFC9D717023D85450909199F1857CFE"
"DigitalSign - Certificadora Digital, S.A.","DIGITALSIGN GLOBAL ROOT RSA CA","Not Included","","Not Included","Not Included","","Included","Email","82BD5D851ACF7F6E1BA7BFCBC53030D0E7BC3C21DF772D858CAB41D199BDF595"
"Disig, a.s.","CA Disig Root R2","Included","serverAuth;clientAuth;emailProtection","Included","Included","Server Authentication;Client Authentication;Code Signing;Encrypting File System;Secure Email;Time Stamping","Included","Websites;Email","E23D4A036D7B70E9F595B1422079D2B91EDFBB1FB651A0633EAA8A9DC5F80703"
"Docaposte Certinomis SAS","Certinomis - Root CA","Removed","","Not Included","Included","Server Authentication;Client Authentication;Secure Email;Time Stamping","Removed","","2A99F5BC1174B73CBB1D620884E01C34E51CCB3978DA125F0E33268883BF4158"
"e-commerce monitoring GmbH","GLOBALTRUST","Not Included","","Not Included","Included","Server Authentication;Client Authentication;Code Signing;Document Signing;Encrypting File System;IP Security IKE Intermediate;IP Security Tunnel Termination;IP Security User;OCSP Signing;Secure Email;Time Stamping","Not Yet Included","","5E3571F33F45A7DF1537A68B5FFB9E036AF9D2F5BC4C9717130DC43D7175AAC7"
"e-commerce monitoring GmbH","GLOBALTRUST 2015","Not Included","","Not Included","Included","Server Authentication;Client Authentication;Code Signing;Document Signing;Secure Email;Time Stamping","Not Yet Included","","416B1F9E84E74C1D19B23D8D7191C6AD81246E641601F599132729F507BEB3CC"
"e-commerce monitoring GmbH","GLOBALTRUST 2020","Blocked","","Removed","Included","Server Authentication;Client Authentication;Code Signing;Document Signing;Secure Email;Time Stamping","Included","Websites;Email","9A296A5182D1D451A2E37F439B74DAAFA267523329F90F9A0D2007C334E23C9A"
"E-Tugra","E-Tugra Global Root CA ECC v3","Not Included","","Removed","NotBefore","Server Authentication;Client Authentication;Code Signing","Removed","","873F4685FA7F563625252E6D36BCD7F16FC24951F264E47E1B954F4908CDCA13"
"E-Tugra","E-Tugra Global Root CA RSA v3","Not Included","","Removed","NotBefore","Server Authentication;Client Authentication;Code Signing","Removed","","EF66B0B10A3CDB9F2E3648C76BD2AF18EAD2BFE6F117655E28C4060DA1A3F4C2"
"Echoworx","Echoworx Root CA2","Removed","","Not Included","NotBefore","Client Authentication;Document Signing;Secure Email","Not Yet Included","","6639D13CAB85DF1AD9A23C443B3A60901E2B138D456FA71183578108884EC6BF"
"EDICOM","CAEDICOM Root","Not Included","","Not Included","Included","Server Authentication;Client Authentication;Code Signing;Document Signing;Secure Email;Time Stamping","Not Yet Included","","1501F89C5C4DCF36CF588A17C9FD7CFCEB9EE01E8729BE355E25DE80EB6284B4"
"eMudhra Technologies Limited","emSign ECC Root CA - C3","Not Included","","Removed","Included","Server Authentication;Client Authentication;Code Signing;Document Signing;Secure Email;Time Stamping","Included","Websites;Email","BC4D809B15189D78DB3E1D8CF4F9726A795DA1643CA5F1358E1DDB0EDC0D7EB3"
"eMudhra Technologies Limited","emSign ECC Root CA - G3","Included","serverAuth;clientAuth;emailProtection","Included","Included","Server Authentication;Client Authentication;Code Signing;Document Signing;Secure Email;Time Stamping","Included","Websites;Email","86A1ECBA089C4A8D3BBE2734C612BA341D813E043CF9E8A862CD5C57A36BBE6B"
"eMudhra Technologies Limited","emSign Root CA - C1","Not Included","","Removed","Included","Server Authentication;Client Authentication;Document Signing;Secure Email","Included","Websites;Email","125609AA301DA0A249B97A8239CB6A34216F44DCAC9F3954B14292F2E8C8608F"
"eMudhra Technologies Limited","emSign Root CA - C2","Not Included","","Not Included","Included","Code Signing;Time Stamping","Not Yet Included","","46CD083B47E80402028DF493960EA19C85FE851950D5165F1C7DA4FAA951E2F8"
"eMudhra Technologies Limited","emSign Root CA - G1","Included","serverAuth;clientAuth;emailProtection","Included","Included","Server Authentication;Client Authentication;Document Signing;Secure Email","Included","Websites;Email","40F6AF0346A99AA1CD1D555A4E9CCE62C7F9634603EE406615833DC8C8D00367"
"eMudhra Technologies Limited","emSign Root CA - G2","Not Included","","Not Included","Included","Code Signing;Time Stamping","Not Yet Included","","1AA0C2709E831BD6E3B5129A00BA41F7EEEF020872F1E6504BF0F6C3F24F3AF3"
"Entrust","AffirmTrust 4K TLS Root CA - 2022","Not Included","","Not Included","Included","Server Authentication;Client Authentication","Not Yet Included","","A7DEDF5A842167DD12FDAA0F2080E73295B8B8BEA71B2094EA0950945A482FC1"
"Entrust","AffirmTrust Commercial","Included","serverAuth;clientAuth","Removed","Included","Server Authentication;Client Authentication;Code Signing;Encrypting File System;IP Security Tunnel Termination;IP Security User;Secure Email;Time Stamping","Included","Websites","0376AB1D54C5F9803CE4B2E201A0EE7EEF7B57B636E8A93C9B8D4860C96F5FA7"
"Entrust","AffirmTrust Networking","Included","serverAuth;clientAuth","Removed","Included","Server Authentication;Client Authentication;Code Signing;Encrypting File System;IP Security Tunnel Termination;IP Security User;Secure Email;Time Stamping","Included","Websites","0A81EC5A929777F145904AF38D5D509F66B5E2C58FCDB531058B0E17F3F0B41B"
"Entrust","AffirmTrust Premium","Included","serverAuth;clientAuth","Removed","Included","Server Authentication;Client Authentication;Code Signing;Encrypting File System;IP Security Tunnel Termination;IP Security User;Secure Email;Time Stamping","Included","Websites","70A73F7F376B60074248904534B11482D5BF0E698ECC498DF52577EBF2E93B9A"
"Entrust","AffirmTrust Premium ECC","Included","serverAuth;clientAuth","Removed","Included","Server Authentication;Client Authentication;Code Signing;Encrypting File System;IP Security Tunnel Termination;IP Security User;Secure Email;Time Stamping","Included","Websites","BD71FDF6DA97E4CF62D1647ADD2581B07D79ADF8397EB4ECBA9C5E8488821423"
"Entrust","Entrust 4K EV TLS Root CA - 2022","Not Included","","Not Included","Included","Server Authentication;Client Authentication","Not Yet Included","","647987D98D52645DA4D3DE3B80771A0CE02B9B9285E6E86999882170744EC9AA"
"Entrust","Entrust 4K TLS Root CA - 2022","Not Included","","Not Included","Included","Server Authentication;Client Authentication","Not Yet Included","","DD6C44B39401B053DBE61120748BBB0F6056007665C168E5C286750EDC8DF129"
"Entrust","Entrust P384 EV TLS Root CA - 2022","Not Included","","Not Included","Included","Server Authentication;Client Authentication","Not Yet Included","","937EF8F12276B3C7A3F58E345D09A6EFF01F862F8D2794441CD84D511825FA0C"
"Entrust","Entrust P384 TLS Root CA - 2022","Not Included","","Not Included","Included","Server Authentication;Client Authentication","Not Yet Included","","420332EF876EBE78F2AF5D28AAACDE24AAD0C10F8FFAAC469EFD7BD941929568"
"Eviden","Atos TrustedRoot 2011","Included","serverAuth;clientAuth;emailProtection","Included","Included","Server Authentication;Client Authentication;Code Signing;Encrypting File System;IP Security Tunnel Termination;IP Security User;OCSP Signing;Secure Email;Time Stamping","Included","Websites;Email","F356BEA244B7A91EB35D53CA9AD7864ACE018E2D35D5F8F96DDF68A6F41AA474"
"Eviden","Atos TrustedRoot Root CA ECC G2 2020","Included","clientAuth;emailProtection","Not Included","Included","Client Authentication;Document Signing;Secure Email","Included","Email","E38655F4B0190C84D3B3893D840A687E190A256D98052F159E6D4A39F589A6EB"
"Eviden","Atos TrustedRoot Root CA ECC TLS 2021","Included","serverAuth","Included","Included","Server Authentication;Client Authentication","Included","Websites","B2FAE53E14CCD7AB9212064701AE279C1D8988FACB775FA8A008914E663988A8"
"Eviden","Atos TrustedRoot Root CA RSA G2 2020","Included","clientAuth;emailProtection","Not Included","Included","Client Authentication;Document Signing;Secure Email","Included","Email","78833A783BB2986C254B9370D3C20E5EBA8FA7840CBF63FE17297A0B0119685E"
"Eviden","Atos TrustedRoot Root CA RSA TLS 2021","Included","serverAuth","Included","Included","Server Authentication;Client Authentication","Included","Websites","81A9088EA59FB364C548A6F85559099B6F0405EFBF18E5324EC9F457BA00112F"
"Financijska agencija (Fina)","Fina Root CA","Not Included","","Not Included","Included","Server Authentication;Client Authentication;Secure Email;Time Stamping","Not Yet Included","","5AB4FCDB180B5B6AF0D262A2375A2C77D25602015D96648756611E2E78C53AD3"
"Global Digital Cybersecurity Authority Co., Ltd. (Formerly Guang Dong Certificate Authority (GDCA))","GDCA TrustAUTH R5 ROOT","Included","serverAuth;clientAuth;emailProtection","Included","Included","Server Authentication;Client Authentication;Code Signing;Document Signing;Encrypting File System;Secure Email;Time Stamping","Included","Websites","BFFF8FD04433487D6A8AA60C1A29767A9FC2BBB05E420F713A13B992891D3893"
"GlobalSign nv-sa","GlobalSign","Included","serverAuth;clientAuth;emailProtection","Included","Included","Server Authentication;Client Authentication;Code Signing;Secure Email;Time Stamping","Included","Websites;Email","179FBC148A3DD00FD24EA13458CC43BFA7F59C8182D783A513F6EBEC100C8924"
"GlobalSign nv-sa","GlobalSign","Included","serverAuth;clientAuth;emailProtection","Included","Included","Server Authentication;Client Authentication;Code Signing;Document Signing;Encrypting File System;OCSP Signing;Secure Email;Time Stamping","Included","Websites;Email","2CABEAFE37D06CA22ABA7391C0033D25982952C453647349763A3AB5AD6CCF69"
"GlobalSign nv-sa","GlobalSign","Included","serverAuth;clientAuth;emailProtection","Included","Included","Server Authentication;Client Authentication;Code Signing;Encrypting File System;IP Security Tunnel Termination;IP Security User;Secure Email;Time Stamping","Included","Websites;Email","CBB522D7B7F127AD6A0113865BDF1CD4102E7D0759AF635A7CF4720DC963C53B"
"GlobalSign nv-sa","GlobalSign Client Authentication Root E45","Not Included","","Not Included","Included","Client Authentication","Not Yet Included","","8B0F0FAA2C00FE0532A8A54E7BC5FD139C1922C4F10F0B16E10FB8BE1A634964"
"GlobalSign nv-sa","GlobalSign Client Authentication Root R45","Not Included","","Not Included","Included","Client Authentication","Not Yet Included","","165C7E810BD37C1D57CE9849ACCD500E5CB01EEA37DC550DB07E598AAD2474A8"
"GlobalSign nv-sa","GlobalSign Code Signing Root E45","Not Included","","Not Included","Included","Code Signing","Not Yet Included","","26C6C5FD4928FD57A8A4C5724FDD279745869C60C338E262FFE901C31BD1DB2B"
"GlobalSign nv-sa","GlobalSign Code Signing Root R45","Not Included","","Not Included","Included","Code Signing","Not Yet Included","","7B9D553E1C92CB6E8803E137F4F287D4363757F5D44B37D52F9FCA22FB97DF86"
"GlobalSign nv-sa","GlobalSign Document Signing Root E45","Not Included","","Not Included","Included","Document Signing","Not Yet Included","","F86973BDD0514735E10C1190D0345BF89C77E1C4ADBD3F65963B803FD3C9E1FF"
"GlobalSign nv-sa","GlobalSign Document Signing Root R45","Not Included","","Not Included","Included","Document Signing","Not Yet Included","","38BE6C7EEB4547D82B9287F243AF32A9DEEB5DC5C9A87A0056F938D91B456A5A"
"GlobalSign nv-sa","GlobalSign Root CA","Included","serverAuth;clientAuth;emailProtection","Removed","Included","Server Authentication;Client Authentication;Code Signing;Encrypting File System;IP Security IKE Intermediate;IP Security Tunnel Termination;IP Security User;OCSP Signing;Secure Email;Time Stamping","Included","Email","EBD41040E4BB3EC742C9E381D31EF2A41A48B6685C96E7CEF3C1DF6CD4331C99"
"GlobalSign nv-sa","GlobalSign Root E46","Included","serverAuth;clientAuth","Included","Included","Server Authentication;Client Authentication","Included","Websites","CBB9C44D84B8043E1050EA31A69F514955D7BFD2E2C6B49301019AD61D9F5058"
"GlobalSign nv-sa","GlobalSign Root R46","Included","serverAuth;clientAuth","Included","Included","Server Authentication;Client Authentication","Included","Websites","4FA3126D8D3A11D1C4855A4F807CBAD6CF919D3A5A88B03BEA2C6372D93C40C9"
"GlobalSign nv-sa","GlobalSign Secure Mail Root E45","Included","clientAuth;emailProtection","Not Included","Included","Client Authentication;Secure Email","Included","Email","5CBF6FB81FD417EA4128CD6F8172A3C9402094F74AB2ED3A06B4405D04F30B19"
"GlobalSign nv-sa","GlobalSign Secure Mail Root R45","Included","clientAuth;emailProtection","Not Included","Included","Client Authentication;Secure Email","Included","Email","319AF0A7729E6F89269C131EA6A3A16FCD86389FDCAB3C47A4A675C161A3F974"
"GlobalSign nv-sa","GlobalSign Timestamping Root R45","Not Included","","Not Included","Included","Time Stamping","Not Yet Included","","2BCBBFD66282C680491C8CD7735FDBBAB7A8079B127BEC60C535976834399AF7"
"GoDaddy","Go Daddy Class 2 Certification Authority","Included","serverAuth;clientAuth;emailProtection","Removed","Included","Server Authentication;Client Authentication;Code Signing;Secure Email","Included","All Trust Bits Turned Off","C3846BF24B9E93CA64274C0EC67C1ECC5E024FFCACD2D74019350E81FE546AE4"
"GoDaddy","Go Daddy Root Certificate Authority - G2","Included","serverAuth;clientAuth;emailProtection","Included","Included","Server Authentication;Client Authentication;Code Signing;Encrypting File System;IP Security Tunnel Termination;IP Security User;Secure Email;Time Stamping","Included","Websites","45140B3247EB9CC8C5B4F0D7B53091F73292089E6E5A63E2749DD3ACA9198EDA"
"GoDaddy","Starfield Class 2 Certification Authority","Included","serverAuth;clientAuth;emailProtection","Removed","Included","Server Authentication;Client Authentication;Code Signing;Secure Email","Included","All Trust Bits Turned Off","1465FA205397B876FAA6F0A9958E5590E40FCC7FAA4FB7C2C8677521FB5FB658"
"GoDaddy","Starfield Root Certificate Authority - G2","Included","serverAuth;clientAuth","Included","Included","Server Authentication;Client Authentication;Code Signing;Encrypting File System;IP Security Tunnel Termination;IP Security User;Secure Email;Time Stamping","Included","Websites","2CE1CB0BF9D2F9E102993FBE215152C3B2DD0CABDE1C68E5319B839154DBB7F5"
"Google Trust Services LLC","GlobalSign","Included","serverAuth;clientAuth","Included","Included","Server Authentication;Client Authentication;Secure Email","Included","Websites;Email","B085D70B964F191A73E4AF0D54AE7A0E07AAFDAF9B71DD0862138AB7325A24A2"
"Google Trust Services LLC","GlobalSign","Included","serverAuth;clientAuth;emailProtection","Not Included","Included","Server Authentication;Client Authentication;Code Signing;Secure Email;Time Stamping","Removed","","BEC94911C2955676DB6C0A550986D76E3BA005667C442C9762B4FBB773DE228C"
"Google Trust Services LLC","GTS Root R1","Included","serverAuth;clientAuth","Included","Included","Server Authentication;Client Authentication;Secure Email","Included","Websites;Email","D947432ABDE7B7FA90FC2E6B59101B1280E0E1C7E4E40FA3C6887FFF57A7F4CF"
"Google Trust Services LLC","GTS Root R1","Included","serverAuth;clientAuth;emailProtection","Not Included","Included","Server Authentication;Client Authentication;Secure Email;Time Stamping","Removed","","2A575471E31340BC21581CBD2CF13E158463203ECE94BCF9D3CC196BF09A5472"
"Google Trust Services LLC","GTS Root R2","Included","serverAuth;clientAuth;emailProtection","Not Included","Included","Server Authentication;Client Authentication;Secure Email;Time Stamping","Removed","","C45D7BB08E6D67E62E4235110B564E5F78FD92EF058C840AEA4E6455D7585C60"
"Google Trust Services LLC","GTS Root R2","Included","serverAuth;clientAuth;emailProtection","Included","Included","Server Authentication;Client Authentication;Secure Email","Included","Websites;Email","8D25CD97229DBF70356BDA4EB3CC734031E24CF00FAFCFD32DC76EB5841C7EA8"
"Google Trust Services LLC","GTS Root R3","Included","serverAuth;clientAuth;emailProtection","Not Included","Included","Server Authentication;Client Authentication;Secure Email;Time Stamping","Removed","","15D5B8774619EA7D54CE1CA6D0B0C403E037A917F131E8A04E1E6B7A71BABCE5"
"Google Trust Services LLC","GTS Root R3","Included","serverAuth;clientAuth;emailProtection","Included","Included","Server Authentication;Client Authentication;Secure Email","Included","Websites;Email","34D8A73EE208D9BCDB0D956520934B4E40E69482596E8B6F73C8426B010A6F48"
"Google Trust Services LLC","GTS Root R4","Included","serverAuth;clientAuth;emailProtection","Not Included","Included","Server Authentication;Client Authentication;Secure Email;Time Stamping","Removed","","71CCA5391F9E794B04802530B363E121DA8A3043BB26662FEA4DCA7FC951A4BD"
"Google Trust Services LLC","GTS Root R4","Included","serverAuth;clientAuth","Included","Included","Server Authentication;Client Authentication;Secure Email","Included","Websites;Email","349DFA4058C5E263123B398AE795573C4E1313C83FE68F93556CD5E8031B3C7D"
"Government of Brazil, Instituto Nacional de Tecnologia da Informação (ITI)","Autoridade Certificadora Raiz Brasileira v10","Not Included","","Not Included","Included","Server Authentication;Client Authentication;Document Signing","Not Yet Included","","6E0BFF069A26994C15DE2C4888CC54AF84882E5495B7FBF66BE9CCFFEC7489F6"
"Government of Brazil, Instituto Nacional de Tecnologia da Informação (ITI)","Autoridade Certificadora Raiz Brasileira v5","Not Included","","Not Included","Included","Client Authentication;Document Signing;Secure Email;Time Stamping","Not Yet Included","","CAA53FC6091C6951887C976E378F6EF89AA6377C55D97B6475422B71ED7E9B17"
"Government of Finland, Population Register Centre’s (Väestörekisterikeskus, VRK)","DVV Gov. Root CA - G3 ECC","Not Included","","Not Included","Included","Server Authentication;Client Authentication","Not Yet Included","","5546A52504FBA74F61FFD4890067529ADE3B9C9D07E502592831CCDA9B369FD3"
"Government of Finland, Population Register Centre’s (Väestörekisterikeskus, VRK)","DVV Gov. Root CA - G3 RSA","Not Included","","Not Included","Included","Server Authentication;Client Authentication","Not Yet Included","","D3ED3FC40AD26B52E001E1E18F4B9449529DEB75A81D5EB680D7B62DB23BA96D"
"Government of Finland, Population Register Centre’s (Väestörekisterikeskus, VRK)","VRK Gov. Root CA - G2","Not Included","","Not Included","Included","Server Authentication;Client Authentication;Document Signing;Secure Email","Not Yet Included","","34FF2A4409DC1383E9F8966E8ADFE5719EBA373FD0AD5E2F49F90EE07CF5D4C1"
"Government of Hong Kong (SAR), Hongkong Post, Certizen","Hongkong Post Root CA 2","Not Included","","Not Included","Included","Client Authentication;Document Signing;Secure Email","Not Yet Included","","3945E08A8D4A0554B7605A7B355B10188E3EF842C76A805C54E3657C4D041AAA"
"Government of Hong Kong (SAR), Hongkong Post, Certizen","Hongkong Post Root CA 3","Included","serverAuth;clientAuth","Included","Included","Server Authentication;Client Authentication;OCSP Signing","Included","Websites","5A2FC03F0C83B090BBFA40604B0988446C7636183DF9846E17101A447FB8EFD6"
"Government of India, Ministry of Communications & Information Technology, Controller of Certifying Authorities (CCA)","CCA India 2022","Not Included","","Not Included","Included","Client Authentication;Document Signing;Secure Email;Time Stamping","Not Yet Included","","9A3FD3176798E842DDCB12C262F11CFACCA70A8B84C6EA6FDA30842A95A94CD8"
"Government of India, Ministry of Communications & Information Technology, Controller of Certifying Authorities (CCA)","CCA India 2022 SPL","Not Included","","Not Included","Included","Server Authentication;Client Authentication","Not Yet Included","","B724689B79B2EF9421EF8F5CC733EB093851B170EE715177005A09F226D8C91A"
"Government of Japan, Digital Agency","Japanese Government Root CA","Not Included","","Not Included","Included","Document Signing","Not Yet Included","","D7A5514D93F7D53BD27DE2051F8E1FF71CA0AC78FACFE46A8BCCA4589984AE64"
"Government of Korea, KLID","GPKIRootCA1","Not Included","","Not Included","NotBefore","Server Authentication;Client Authentication;Secure Email","Not Yet Included","","407C276BEAD2E4AF0661EF6697341DEC0A1F9434E4EAFB2D3D32A90549D9DE4A"
"Government of Korea, KLID","MOIS SSL Root CA","Not Included","","Not Included","Included","Server Authentication;Client Authentication","Not Yet Included","","1CF341AE35341AC3AE1DC68D5B10DC0C9DC1307656F75FD92CA2C68489D52E9A"
"Government of Saudi Arabia, NIC (SDAIA)","Saudi National Root CA","Not Included","","Not Included","Included","Server Authentication;Client Authentication;Secure Email;Time Stamping","Not Yet Included","","34BB34E14FAED0D3392F2FC441C0ECD5FD88AD88118DF2D1BA76CDEC1EEA10B8"
"Government of Spain, Autoritat de Certificació de la Comunitat Valenciana (ACCV)","ACCVRAIZ1","Included","serverAuth;clientAuth;emailProtection","Included","Included","Server Authentication;Client Authentication;Code Signing;Secure Email","Included","Websites","9A6EC012E1A7DA9DBE34194D478AD7C0DB1822FB071DF12981496ED104384113"
"Government of Spain, Fábrica Nacional de Moneda y Timbre (FNMT)","AC RAIZ FNMT-RCM","Included","serverAuth;clientAuth;emailProtection","Included","Included","Server Authentication;Client Authentication;Document Signing;Secure Email;Time Stamping","Included","Websites","EBC5570C29018C4D67B1AA127BAF12F703B4611EBC17B7DAB5573894179B93FA"
"Government of Spain, Fábrica Nacional de Moneda y Timbre (FNMT)","AC RAIZ FNMT-RCM G2","Not Included","","Not Included","Included","Client Authentication;Document Signing","Not Yet Included","","020786539F02B623CFDF325B2E4E45E0D9E3F1B8E5EC9600EBF0AC8FBF03FBE2"
"Government of Spain, Fábrica Nacional de Moneda y Timbre (FNMT)","AC RAIZ FNMT-RCM SERVIDORES SEGUROS","Not Included","","Included","Included","Server Authentication","Included","Websites","554153B13D2CF9DDB753BFBE1A4E0AE08D0AA4187058FE60A2B862B2E4B87BCB"
"Government of Spain, Fábrica Nacional de Moneda y Timbre (FNMT)","FNMT Clase 2 CA","Not Included","","Not Included","Included","Server Authentication;Secure Email","Not Yet Included","","62B9267266212832A8E22DAB933D91C7011274ACF71703F9CC97833751A6E94F"
"Government of Sweden (Försäkringskassan)","Swedish Government Root Authority v3","Not Included","","Not Included","Included","Server Authentication;Client Authentication;Code Signing;Document Signing;Encrypting File System;Secure Email;Time Stamping","Not Yet Included","","8F9ADB6D895DAB5ADF5C3D3FAB83927BE0FB64EF82485C62280D584E8BD55D22"
"Government of The Netherlands, PKIoverheid (Logius)","Staat der Nederlanden EV Root CA","Not Included","","Removed","Included","Server Authentication;Client Authentication","Removed","","4D2491414CFE956746EC4CEFA6CF6F72E28A1329432F9D8A907AC4CB5DADC15A"
"Government of The Netherlands, PKIoverheid (Logius)","Staat der Nederlanden Root CA - G3","Removed","","Not Included","Included","Server Authentication;Client Authentication;Document Signing;IP Security Tunnel Termination;IP Security User;Secure Email","Included","Email","3C4FB0B95AB8B30032F432B86F535FE172C185D0FD39865837CF36187FA6F428"
"Government of Turkey, Kamu Sertifikasyon Merkezi (Kamu SM)","TUBITAK Kamu SM SSL Kok Sertifikasi - Surum 1","Included","serverAuth;clientAuth","Included","Included","Server Authentication;Client Authentication","Included","Websites","46EDC3689046D53A453FB3104AB80DCAEC658B2660EA1629DD7E867990648716"
"Halcom D.D.","Halcom Root Certificate Authority","Not Included","","Not Included","Included","Server Authentication;Client Authentication;Code Signing;Document Signing;Encrypting File System;Secure Email;Time Stamping","Not Yet Included","","D7BA3F4FF8AD05633451470DDA3378A3491B90005E5C687D2B68D53647CFDD66"
"HARICA","HARICA Client ECC Root CA 2021","Included","clientAuth;emailProtection","Not Included","Included","Client Authentication;Document Signing;Secure Email","Included","Email","8DD4B5373CB0DE36769C12339280D82746B3AA6CD426E797A31BABE4279CF00B"
"HARICA","HARICA Client RSA Root CA 2021","Included","clientAuth;emailProtection","Not Included","Included","Client Authentication;Document Signing;Secure Email","Included","Email","1BE7ABE30686B16348AFD1C61B6866A0EA7F4821E67D5E8AF937CF8011BC750D"
"HARICA","HARICA Code Signing ECC Root CA 2021","Not Included","","Not Included","Included","Code Signing;Time Stamping","Not Yet Included","","794E774638CE7B3CF05EBC8967CF47315316C351DC26387476E0C099C2ED47CC"
"HARICA","HARICA Code Signing RSA Root CA 2021","Not Included","","Not Included","Included","Code Signing;Time Stamping","Not Yet Included","","C40EBDCD75A90E4B7496ABB23E789A48E33C03284F75D95130575AE6860AE13C"
"HARICA","HARICA TLS ECC Root CA 2021","Included","serverAuth;clientAuth","Included","Included","Server Authentication;Client Authentication","Included","Websites","3F99CC474ACFCE4DFED58794665E478D1547739F2E780F1BB4CA9B133097D401"
"HARICA","HARICA TLS RSA Root CA 2021","Included","serverAuth;clientAuth","Included","Included","Server Authentication;Client Authentication","Included","Websites","D95D0E8EDA79525BF9BEB11B14D2100D3294985F0C62D9FABD9CD999ECCB7B1D"
"HARICA","Hellenic Academic and Research Institutions ECC RootCA 2015","Included","serverAuth;clientAuth;emailProtection","Removed","NotBefore","Server Authentication;Client Authentication;Code Signing;Secure Email","Included","Websites;Email","44B545AA8A25E65A73CA15DC27FC36D24C1CB9953A066539B11582DC487B4833"
"HARICA","Hellenic Academic and Research Institutions RootCA 2011","Removed","","Not Included","NotBefore","Server Authentication;Client Authentication;Code Signing;Document Signing;Secure Email;Time Stamping","Removed","","BC104F15A48BE709DCA542A7E1D4B9DF6F054527E802EAA92D595444258AFE71"
"HARICA","Hellenic Academic and Research Institutions RootCA 2015","Included","serverAuth;clientAuth;emailProtection","Removed","NotBefore","Server Authentication;Client Authentication;Code Signing;Document Signing;Secure Email;Time Stamping","Included","Websites;Email","A040929A02CE53B4ACF4F2FFC6981CE4496F755E6D45FE0B2A692BCD52523F36"
"IdenTrust Services, LLC","IdenTrust Commercial Root CA 1","Included","serverAuth;clientAuth;emailProtection","Included","Included","Server Authentication;Client Authentication;Code Signing;Document Signing;Encrypting File System;Secure Email;Time Stamping","Included","Websites;Email","5D56499BE4D2E08BCFCAD08A3E38723D50503BDE706948E42F55603019E528AE"
"IdenTrust Services, LLC","IdenTrust Public Sector Root CA 1","Included","serverAuth;clientAuth;emailProtection","Removed","Included","Server Authentication;Client Authentication;Document Signing;Encrypting File System;Secure Email;Time Stamping","Included","Websites;Email","30D0895A9A448A262091635522D1F52010B5867ACAE12C78EF958FD4F4389F2F"
"Image-X Enterprises Inc","esignit.org","Not Included","","Not Included","Included","Client Authentication;Document Signing","Not Yet Included","","C665175BD60ED70A5EEA3344CBE5D1A6936F79BC27A8384E4C734200417C279F"
"Internet Security Research Group","ISRG Root X1","Included","serverAuth;clientAuth","Included","Included","Server Authentication;Client Authentication","Included","Websites","96BCEC06264976F37460779ACF28C5A7CFE8A3C0AAE11A8FFCEE05C0BDDF08C6"
"Internet Security Research Group","ISRG Root X2","Included","serverAuth;clientAuth","Included","Included","Server Authentication;Client Authentication","Included","Websites","69729B8E15A86EFC177A57AFB7171DFC64ADD28C2FCA8CF1507E34453CCB1470"
"iTrusChina Co., Ltd.","vTrus ECC Root CA","Not Included","","Included","Not Included","","Included","Websites","30FBBA2C32238E2A98547AF97931E550428B9B3F1C8EEB6633DCFA86C5B27DD3"
"iTrusChina Co., Ltd.","vTrus Root CA","Not Included","","Included","Not Included","","Included","Websites","8A71DE6559336F426C26E53880D00D88A18DA4C6A91F0DCB6194E206C5C96387"
"Izenpe S.A.","Izenpe.com","Included","serverAuth;clientAuth","Included","Included","Server Authentication","Included","Websites","2530CC8E98321502BAD96F9B1FBA1B099E2D299E0F4548BB914F363BC0D4531F"
"Krajowa Izba Rozliczeniowa S.A. (KIR)","SZAFIR ROOT CA2","Not Included","","Included","Included","Server Authentication;Client Authentication;Secure Email","Included","Websites;Email","A1339D33281A0B56E557D3D32B1CE7F9367EB094BD5FA72A7E5004C8DED7CAFE"
"LAWtrust","LAWtrust Root CA2 (4096)","Not Included","","Not Included","Included","Client Authentication;Document Signing;Secure Email","Included","Email","48E1CF9E43B688A51044160F46D773B8277FE45BEAAD0E4DF90D1974382FEA99"
"LAWtrust","LAWtrust Root Certification Authority 2048","Not Included","","Not Included","Included","Client Authentication;Secure Email","Not Yet Included","","9B14E8F5F6EA167666E76DCD6BECC190861D5E8970B99A9470F0231236049704"
"Macao Post and Telecommunications Bureau","eSignTrust Root Certification Authority (G03)","Not Included","","Not Included","Included","Client Authentication;Document Signing;Secure Email;Time Stamping","Not Yet Included","","0E30D04A94DCC423E26FDC4C24AFCF4923BD80D83B661B06A2F5856361560407"
"Microsec Ltd.","e-Szigno Root CA 2017","Not Included","","Included","Included","Server Authentication;Client Authentication;Code Signing;Document Signing;Secure Email;Time Stamping","Included","Websites;Email","BEB00B30839B9BC32C32E4447905950641F26421B15ED089198B518AE2EA1B99"
"Microsec Ltd.","e-Szigno TLS Root CA 2023","Not Included","","Not Included","Included","Server Authentication;Client Authentication","Included","Websites","B49141502D00663D740F2E7EC340C52800962666121A36D09CF7DD2B90384FB4"
"Microsec Ltd.","Microsec e-Szigno Root CA 2009","Included","serverAuth;clientAuth;emailProtection","Included","Included","Server Authentication;Client Authentication;Code Signing;Encrypting File System;IP Security Tunnel Termination;IP Security User;Secure Email;Time Stamping","Included","Websites;Email","3C5F81FEA5FAB82C64BFA2EAECAFCDE8E077FC8620A7CAE537163DF36EDBF378"
"Microsoft Corporation","Microsoft ECC Product Root Certificate Authority 2018","Not Included","","Not Included","Included","","Not Yet Included","","CACA93B9D23D2B6FA76E8B8471931E0DF3EC6F63AF3CDBB936C41954A1872326"
"Microsoft Corporation","Microsoft ECC Root Certificate Authority 2017","Included","serverAuth;clientAuth","Included","Included","Server Authentication;Client Authentication","Included","Websites","358DF39D764AF9E1B766E9C972DF352EE15CFAC227AF6AD1D70E8E4A6EDCBA02"
"Microsoft Corporation","Microsoft ECC TS Root Certificate Authority 2018","Not Included","","Not Included","Included","","Not Yet Included","","3FD4BE8BAAD2F26E1BDE06C7584BB720DD1A972D111F5A4999BC44B08FB4960D"
"Microsoft Corporation","Microsoft Identity Verification Root Certificate Authority 2020","Not Included","","Not Included","Included","Code Signing;Time Stamping","Not Yet Included","","5367F20C7ADE0E2BCA790915056D086B720C33C1FA2A2661ACF787E3292E1270"
"Microsoft Corporation","Microsoft Root Certificate Authority 2010","Not Included","","Not Included","Included","","Not Yet Included","","DF545BF919A2439C36983B54CDFC903DFA4F37D3996D8D84B4C31EEC6F3C163E"
"Microsoft Corporation","Microsoft Root Certificate Authority 2011","Not Included","","Not Included","Included","","Not Yet Included","","847DF6A78497943F27FC72EB93F9A637320A02B561D0A91B09E87A7807ED7C61"
"Microsoft Corporation","Microsoft RSA Root Certificate Authority 2017","Included","serverAuth;clientAuth","Included","Included","Server Authentication;Client Authentication","Included","Websites","C741F70F4B2A8D88BF2E71C14122EF53EF10EBA0CFA5E64CFA20F418853073E0"
"Microsoft Corporation","Microsoft Time Stamp Root Certificate Authority 2014","Not Included","","Not Included","Included","Time Stamping","Not Yet Included","","65AF95F4BE86847344634282F941B2E605063EF0C8542F014CA088D182109E4F"
"MULTICERT","MULTICERT Root Certification Authority 01","Not Included","","Not Included","Included","Server Authentication;Client Authentication;Code Signing;Document Signing;Encrypting File System;Secure Email;Time Stamping","Not Yet Included","","604D32D036895AED3BFEFAEB727C009EC0F2B3CDFA42A1C71730E6A72C3BE9D4"
"NAVER Cloud Trust Services","NAVER Cloud Trust Services ECC Root G1","Not Included","","Not Included","Included","Server Authentication;Client Authentication","Not Yet Included","","A7C8681042F3675AA8505D3BA313D80F8AC3250FDF874AD29B834689C087FB11"
"NAVER Cloud Trust Services","NAVER Cloud Trust Services RSA Root G1","Not Included","","Not Included","Included","Server Authentication;Client Authentication","Not Yet Included","","49A2762987788D4834B32305D767760F244D507742E8C2539FD4CA3AD52C16EE"
"NAVER Cloud Trust Services","NAVER Global Root Certification Authority","Included","serverAuth;clientAuth;emailProtection","Included","Included","Server Authentication;Client Authentication;Document Signing;Secure Email","Included","Websites","88F438DCF8FFD1FA8F429115FFE5F82AE1E06E0C70C375FAAD717B34A49E7265"
"Netlock","NetLock Arany (Class Gold) Főtanúsítvány","Blocked","","Included","Included","Server Authentication;Client Authentication;Code Signing;Encrypting File System;IP Security Tunnel Termination;IP Security User;Secure Email;Time Stamping","Included","Websites;Email","6C61DAC3A2DEF031506BE036D2A6FE401994FBD13DF9C8D466599274C446EC98"
"Netlock","NetLock Platina (Class Platinum) Főtanúsítvány","Not Included","","Not Included","Included","Server Authentication;Client Authentication;Code Signing;Encrypting File System;IP Security Tunnel Termination;IP Security User;Secure Email;Time Stamping","Not Yet Included","","EB7E05AA58E7BD328A282BF8867033F3C035342B516EE85C01673DFFFFBBFE58"
"Netrust Pte Ltd","Netrust Root CA 2","Not Included","","Not Included","Included","Server Authentication;Client Authentication;IP Security IKE Intermediate;IP Security Tunnel Termination;IP Security User;OCSP Signing;Secure Email;Time Stamping","Not Yet Included","","65353833CF234C79562164F90849C0D104DBABF8EE41064D83E8CBE03BA1C5A5"
"Nets DanID","TRUST2408 OCES Primary CA","Removed","","Not Included","NotBefore","Client Authentication;Encrypting File System;IP Security Tunnel Termination;IP Security User;Secure Email","Not Yet Included","","92D8092EE77BC9208F0897DC05271894E63EF27933AE537FB983EEF0EAE3EEC8"
"NISZ Nemzeti Infokommunikációs Szolgáltató Zrt.","Főtanúsítványkiadó - Kormányzati Hitelesítés Szolgáltató","Not Included","","Not Included","NotBefore","Server Authentication;Client Authentication;Document Signing;Encrypting File System;Secure Email;Time Stamping","Not Yet Included","","C2157309D9AEE17BF34F4DF5E88DBAEBA57E0361EB814CBC239F4D54D329A38D"
"Notarius","Notarius Root Certificate Authority","Not Included","","Not Included","Included","Client Authentication;Document Signing;Secure Email","Not Yet Included","","C7B8948FECCAACE5B509A343F38D0301D07901885604B3F267270E1EBBEF0FE7"
"Notarius","Notarius Root Certificate Authority","Not Included","","Not Included","Included","Client Authentication;Document Signing;Secure Email;Time Stamping","Not Yet Included","","AAA15BDDB1C924AD7A7F22F89E5CD3E2C61407A064E011B7CF4CB618716449A4"
"OISTE","OISTE Client Root ECC G1","Not Included","","Not Included","Not Included","","Included","Email","D9A32485A8CCA85539CEF12FFFFF711378A17851D73DA2732AB4302D763BD62B"
"OISTE","OISTE Client Root RSA G1","Not Included","","Not Included","Not Included","","Included","Email","D02A0F994A868C66395F2E7A880DF509BD0C29C96DE16015A0FD501EDA4F96A9"
"OISTE","OISTE Server Root ECC G1","Not Included","","Not Included","Not Included","","Included","Websites","EEC997C0C30F216F7E3B8B307D2BAE42412D753FC8219DAFD1520B2572850F49"
"OISTE","OISTE Server Root RSA G1","Not Included","","Not Included","Not Included","","Included","Websites","9AE36232A5189FFDDB353DFD26520C015395D22777DAC59DB57B98C089A651E6"
"OISTE","OISTE WISeKey Global Root GA CA","Included","emailProtection","Not Included","Included","Server Authentication;Client Authentication;Code Signing;Secure Email;Time Stamping","Included","Email","41C923866AB4CAD6B7AD578081582E020797A6CBDF4FFF78CE8396B38937D7F5"
"OISTE","OISTE WISeKey Global Root GB CA","Included","serverAuth;clientAuth;emailProtection","Included","Included","Server Authentication;Client Authentication;Code Signing;Secure Email;Time Stamping","Included","Websites;Email","6B9C08E86EB0F767CFAD65CD98B62149E5494A67F5845E7BD1ED019F27B86BD6"
"OISTE","OISTE WISeKey Global Root GC CA","Included","serverAuth;clientAuth;emailProtection","Included","Included","Server Authentication;Client Authentication;Code Signing;Document Signing;Encrypting File System;Secure Email;Time Stamping","Included","Websites","8560F91C3624DABA9570B5FEA0DBE36FF11A8323BE9486854FB3F34A5571198D"
"Open Access Technology International, Inc. (OATI)","OATI WebCARES Root CA","Not Included","","Not Included","Included","Server Authentication;Client Authentication;Secure Email","Not Yet Included","","7A77C6C61EEEB9AA65C4EA410D65D895B26A81123283009DB104B48DE80B2479"
"PostSignum","PostSignum Root QCA 4","Not Included","","Not Included","Included","Server Authentication;Client Authentication;Document Signing;OCSP Signing;Secure Email;Time Stamping","Not Yet Included","","AC7F7862E685C7A7D9826A58EA32D183D4893FCC8F8FD6D900C9769A987E77F0"
"První certifikační autorita, a.s.","I.CA Root CA/ECC 05/2022","Not Included","","Not Included","Included","Client Authentication;Document Signing;Secure Email;Time Stamping","Not Yet Included","","3808CE3E961CA532682FFB8708B544E8F175AA065601A45902DF92128FC38532"
"První certifikační autorita, a.s.","I.CA Root CA/ECC 12/2016","Not Included","","Not Included","Included","Client Authentication;Document Signing;Secure Email","Not Yet Included","","B8692148FF49C3799FA2347AE28BCC5289623512B67DC19170452ADE24BA51D5"
"První certifikační autorita, a.s.","I.CA Root CA/RSA","Not Included","","Not Included","Included","Server Authentication;Client Authentication;Code Signing;Document Signing;Secure Email;Time Stamping","Not Yet Included","","D3D607A9FF24A19523B6DA9D2C649446F8788CB96D9FD130972E120C13677730"
"První certifikační autorita, a.s.","I.CA Root CA/RSA 05/2022","Not Included","","Not Included","Included","Client Authentication;Document Signing;Secure Email;Time Stamping","Not Yet Included","","D279C01A12E8DD9A6230E459FAA447CEB336998477338C2EE4135C96737418EB"
"První certifikační autorita, a.s.","I.CA TLS Root CA/RSA 05/2022","Not Included","","Not Included","Included","Server Authentication;Client Authentication","Not Yet Included","","F9A17A00E5C294BA9614A715819AF57F3FD48CC413453FBB8A5FC7E97964E2BC"
"SECOM Trust Systems Co., Ltd.","SECOM Document Signing RSA Root CA 2023","Not Included","","Not Included","Included","Document Signing;Time Stamping","Not Yet Included","","46219BBF9148F00E8B7A4C619B57CF7602701FF81348400718870FABD31FC5BE"
"SECOM Trust Systems CO., LTD.","SECOM RSA Root CA 2023","Not Included","","Not Included","Included","Document Signing","Not Yet Included","","2C154235528D701790B675AFF6E1970827B10ED665E913835BF46E3460FD5C84"
"SECOM Trust Systems Co., Ltd.","SECOM SMIME RSA Root CA 2024","Not Included","","Not Included","Included","Secure Email","Not Yet Included","","3629E7188E00A7CB3232C4426BC84912F1218B1A9AE676C0B0ABE1DBFE2182B5"
"SECOM Trust Systems Co., Ltd.","SECOM TLS ECC Root CA 2024","Not Included","","Not Included","Included","Server Authentication;Client Authentication","Not Yet Included","","6AB2AB75F51CB4F4F0156203FBF6F646232F514BE059F62833308B82B4D72DB1"
"SECOM Trust Systems Co., Ltd.","SECOM TLS RSA Root CA 2024","Not Included","","Not Included","Included","Server Authentication;Client Authentication","Not Yet Included","","1435F225C5D252D7A21948CC3CE62AECFA88001E3DD72D1CC3555100EB372F93"
"SECOM Trust Systems CO., LTD.","Security Communication ECC RootCA1","Not Included","","Included","Included","Server Authentication;Client Authentication;Code Signing;Document Signing;Encrypting File System;Secure Email;Time Stamping","Included","Websites","E74FBDA55BD564C473A36B441AA799C8A68E077440E8288B9FA1E50E4BBACA11"
"SECOM Trust Systems CO., LTD.","Security Communication RootCA2","Included","serverAuth;clientAuth;emailProtection","Included","Included","Server Authentication;Client Authentication;Code Signing;Secure Email;Time Stamping","Included","Websites;Email","513B2CECB810D4CDE5DD85391ADFC6C2DD60D87BB736D2B521484AA47A0EBEF6"
"SECOM Trust Systems CO., LTD.","Security Communication RootCA3","Not Included","","Not Included","Included","Server Authentication;Client Authentication;Code Signing;Document Signing;Encrypting File System;Secure Email;Time Stamping","Removed","","24A55C2AB051442D0617766541239A4AD032D7C55175AA34FFDE2FBC4F5C5294"
"Sectigo","AAA Certificate Services","Included","serverAuth;clientAuth;emailProtection","Removed","Included","Server Authentication;Client Authentication;Code Signing;Encrypting File System;IP Security Tunnel Termination;IP Security User;Secure Email;Time Stamping","Included","Email","D7A7A0FB5D7E2731D771E9484EBCDEF71D5F0C3E0A2948782BC83EE0EA699EF4"
"Sectigo","COMODO Certification Authority","Included","serverAuth;clientAuth;emailProtection","Not Included","Removed","Server Authentication;Client Authentication;Code Signing;Encrypting File System;IP Security Tunnel Termination;IP Security User;Secure Email;Time Stamping","Included","Websites;Email","0C2CD63DF7806FA399EDE809116B575BF87989F06518F9808C860503178BAF66"
"Sectigo","COMODO Certification Authority","Not Included","","Included","Included","Server Authentication;Client Authentication;Code Signing;Encrypting File System;IP Security Tunnel Termination;IP Security User;Secure Email;Time Stamping","Not Yet Included","","1A0D20445DE5BA1862D19EF880858CBCE50102B36E8F0A040C3C69E74522FE6E"
"Sectigo","COMODO ECC Certification Authority","Included","serverAuth;clientAuth;emailProtection","Included","Included","Server Authentication;Client Authentication;Code Signing;Encrypting File System;IP Security Tunnel Termination;IP Security User;Secure Email;Time Stamping","Included","Websites;Email","1793927A0614549789ADCE2F8F34F7F0B66D0F3AE3A3B84D21EC15DBBA4FADC7"
"Sectigo","COMODO RSA Certification Authority","Included","serverAuth;clientAuth;emailProtection","Included","Included","Server Authentication;Client Authentication;Code Signing;Encrypting File System;IP Security Tunnel Termination;IP Security User;Secure Email;Time Stamping","Included","Websites;Email","52F0E1C4E58EC629291B60317F074671B85D7EA80D5B07273463534B32B40234"
"Sectigo","Entrust Code Signing Root Certification Authority - CSBR1","Not Included","","Not Included","Included","Code Signing;Time Stamping","Not Yet Included","","B80847FDA453BF6ED876CA7BC046A2481909E15B6ED376E665E7AD09F3864E71"
"Sectigo","Entrust Digital Signing Root Certification Authority - DSR1","Not Included","","Not Included","Included","Document Signing;Time Stamping","Not Yet Included","","E874FE2531EAE4A4B6B62F37496BBAE90EB1D8FC8CEDBEBB00A182CFACDC7E61"
"Sectigo","Entrust Root Certification Authority","Included","serverAuth;clientAuth;emailProtection","Removed","Included","Server Authentication;Client Authentication;Code Signing;Encrypting File System;IP Security IKE Intermediate;IP Security Tunnel Termination;IP Security User;Secure Email;Time Stamping","Included","Websites","73C176434F1BC6D5ADF45B0E76E727287C8DE57616C1E6E6141A2B2CBC7D8E4C"
"Sectigo","Entrust Root Certification Authority - EC1","Included","serverAuth;clientAuth;emailProtection","Removed","Included","Server Authentication;Client Authentication;Code Signing;Secure Email;Time Stamping","Included","Websites;Email","02ED0EB28C14DA45165C566791700D6451D7FB56F0B2AB1D3B8EB070E56EDFF5"
"Sectigo","Entrust Root Certification Authority - G2","Included","serverAuth;clientAuth;emailProtection","Removed","Included","Server Authentication;Client Authentication;Code Signing;Encrypting File System;IP Security Tunnel Termination;IP Security User;Secure Email;Time Stamping","Included","Websites;Email","43DF5774B03E7FEF5FE40D931A7BEDF1BB2E6B42738C4E6D3841103D3AA7F339"
"Sectigo","Entrust Root Certification Authority - G4","Included","serverAuth;clientAuth;emailProtection","Removed","Included","Server Authentication;Client Authentication;Code Signing;Document Signing;OCSP Signing;Secure Email;Time Stamping","Included","Email","DB3517D1F6732A2D5AB97C533EC70779EE3270A62FB4AC4238372460E6F01E88"
"Sectigo","Entrust SMIME Root CA - 2022","Not Included","","Not Included","Included","Client Authentication;Secure Email","Not Yet Included","","B7A41ED8096D62716BADC7F530942197A9E7E3175CE05D11D01E7AD6C12DCBA7"
"Sectigo","Entrust Verified Mark Root Certification Authority - VMCR1","Included","BrandIndicatorforMessageIdentification","Not Included","Not Included","","Not Yet Included","","7831D95A47D42508CD5C9E6264F9096BAC19F04EB9B7C8BDD35FFFC71C189617"
"Sectigo","Entrust.net Certification Authority (2048)","Included","serverAuth;clientAuth;emailProtection","Removed","Included","Server Authentication;Client Authentication;Code Signing;Encrypting File System;IP Security Tunnel Termination;IP Security User;Secure Email;Time Stamping","Included","Email","6DC47172E01CBCB0BF62580D895FE2B8AC9AD4F873801E0C10B9C837D21EB177"
"Sectigo","Sectigo Public Code Signing Root E46","Not Included","","Not Included","Included","Code Signing","Not Yet Included","","8F6371D8CC5AA7CA149667A98B5496398951E4319F7AFBCC6A660D673E438D0B"
"Sectigo","Sectigo Public Code Signing Root R46","Not Included","","Not Included","Included","Code Signing","Not Yet Included","","7E76260AE69A55D3F060B0FD18B2A8C01443C87B60791030C9FA0B0585101A38"
"Sectigo","Sectigo Public Document Signing Root E46","Not Included","","Not Included","Included","Document Signing","Not Yet Included","","01A1A03E1F3DD7ED3CCADAE4D668B4446065DDF3B2DCF05D1DAFFDB2591B3838"
"Sectigo","Sectigo Public Document Signing Root R46","Not Included","","Not Included","Included","Document Signing","Not Yet Included","","43A61038597C31F4E7D75DEEB831E38462D968308C68B5A078F719139735DA89"
"Sectigo","Sectigo Public Email Protection Root E46","Included","clientAuth;emailProtection","Not Included","Included","Client Authentication;Secure Email","Included","Email","22D9599234D60F1D4BC7C7E96F43FA555B07301FD475175089DAFB8C25E477B3"
"Sectigo","Sectigo Public Email Protection Root R46","Included","clientAuth;emailProtection","Not Included","Included","Client Authentication;Secure Email","Included","Email","D5917A7791EB7CF20A2E57EB98284A67B28A57E89182DA53D546678C9FDE2B4F"
"Sectigo","Sectigo Public Server Authentication Root E46","Included","serverAuth;clientAuth","Included","Included","Server Authentication;Client Authentication","Included","Websites","C90F26F0FB1B4018B22227519B5CA2B53E2CA5B3BE5CF18EFE1BEF47380C5383"
"Sectigo","Sectigo Public Server Authentication Root R46","Included","serverAuth;clientAuth","Included","Included","Server Authentication;Client Authentication","Included","Websites","7BB647A62AEEAC88BF257AA522D01FFEA395E0AB45C73F93F65654EC38F25A06"
"Sectigo","Sectigo Public Time Stamping Root E46","Included","timeStamping","Not Included","Included","Time Stamping","Not Yet Included","","E44DDB7952261F15005CD60C1D0C38C18CBFD17C273A31F8ED4C8F53E2685F32"
"Sectigo","Sectigo Public Time Stamping Root R46","Included","timeStamping","Not Included","Included","Time Stamping","Not Yet Included","","4941B001B8A97E961B7817C9D9E960EC4B056BFC915A8C1AABF6EF6B3AC046A5"
"Sectigo","USERTrust ECC Certification Authority","Included","serverAuth;clientAuth;emailProtection","Included","Included","Server Authentication;Client Authentication;Code Signing;Encrypting File System;IP Security Tunnel Termination;IP Security User;Secure Email;Time Stamping","Included","Websites;Email","4FF460D54B9C86DABFBCFC5712E0400D2BED3FBC4D4FBDAA86E06ADCD2A9AD7A"
"Sectigo","USERTrust RSA Certification Authority","Included","serverAuth;clientAuth;emailProtection","Included","Included","Server Authentication;Client Authentication;Code Signing;Encrypting File System;IP Security Tunnel Termination;IP Security User;Secure Email;Time Stamping","Included","Websites;Email","E793C9B02FD8AA13E21C31228ACCB08119643B749C898964B1746D46C3D4CBD2"
"Shanghai Electronic Certification Authority Co., Ltd.","UCA Extended Validation Root","Not Included","","Included","Included","Server Authentication;Client Authentication;Code Signing","Included","Websites","D43AF9B35473755C9684FC06D7D8CB70EE5C28E773FB294EB41EE71722924D24"
"Shanghai Electronic Certification Authority Co., Ltd.","UCA Global G2 Root","Not Included","","Included","Included","Server Authentication;Client Authentication;Code Signing;Document Signing;Secure Email;Time Stamping","Included","Websites;Email","9BEA11C976FE014764C1BE56A6F914B5A560317ABD9988393382E5161AA0493C"
"SI-TRUST","SI-TRUST Root","Not Included","","Not Included","Included","Server Authentication;Client Authentication;Code Signing;Document Signing;Encrypting File System;OCSP Signing;Secure Email;Time Stamping","Not Yet Included","","FAD540811AFAE0DC767CDF6572A088FA3CE8493DD82B3B869A67D10AAB4E8124"
"Skaitmeninio sertifikavimo centras (SSC)","SSC GDL CA VS Root","Not Included","","Not Included","Included","Client Authentication;Document Signing;Secure Email","Not Yet Included","","BC2ABBC49A6814370D17E471141C22794311C4DDDF2567BE37283A894392E5D3"
"SSL.com","SSL.com Client ECC Root CA 2022","Included","clientAuth;emailProtection","Not Included","Included","Client Authentication;Secure Email","Included","Email","AD7DD58D03AEDB22A30B5084394920CE12230C2D8017AD9B81AB04079BDD026B"
"SSL.com","SSL.com Client RSA Root CA 2022","Included","clientAuth;emailProtection","Not Included","Included","Client Authentication;Secure Email","Included","Email","1D4CA4A2AB21D0093659804FC0EB2175A617279B56A2475245C9517AFEB59153"
"SSL.com","SSL.com Code Signing ECC Root CA 2022","Not Included","","Not Included","Included","Client Authentication;Code Signing;Time Stamping","Not Yet Included","","E17DB396AFC136FF1D6DCDA4BB443DA2D817131855BE1C4B6FECEA221036722A"
"SSL.com","SSL.com Code Signing RSA Root CA 2022","Not Included","","Not Included","Included","Client Authentication;Code Signing;Time Stamping","Not Yet Included","","253E3CA36E37E867EE68867B997B9EC724DCC3161063AB0393B54F2BB7B6C315"
"SSL.com","SSL.com Document Signing ECC Root CA 2022","Not Included","","Not Included","Included","Client Authentication;Document Signing","Not Yet Included","","5ECE6AB27131FB58A887E94177D55BD9E51AAA2DED6C081B54A39BE3CB84E1F1"
"SSL.com","SSL.com Document Signing RSA Root CA 2022","Not Included","","Not Included","Included","Client Authentication;Document Signing","Not Yet Included","","E807D49A859ABBC861C72CA907D443AD0FE87EAB9D99B913F2CB5B4AADABE641"
"SSL.com","SSL.com EV Root Certification Authority ECC","Included","serverAuth;clientAuth","Included","Included","Server Authentication;Client Authentication;Code Signing;Document Signing;Encrypting File System;Secure Email;Time Stamping","Included","Websites","22A2C1F7BDED704CC1E701B5F408C310880FE956B5DE2A4A44F99C873A25A7C8"
"SSL.com","SSL.com EV Root Certification Authority RSA R2","Included","serverAuth;clientAuth","Included","Included","Server Authentication;Client Authentication;Code Signing;Document Signing;Encrypting File System;Secure Email;Time Stamping","Included","Websites","2E7BF16CC22485A7BBE2AA8696750761B0AE39BE3B2FE9D0CC6D4EF73491425C"
"SSL.com","SSL.com Root Certification Authority ECC","Included","serverAuth;clientAuth;emailProtection","Included","Included","Server Authentication;Client Authentication;Code Signing;Document Signing;Encrypting File System;Secure Email;Time Stamping","Included","Websites;Email","3417BB06CC6007DA1B961C920B8AB4CE3FAD820E4AA30B9ACBC4A74EBDCEBC65"
"SSL.com","SSL.com Root Certification Authority RSA","Included","serverAuth;clientAuth;emailProtection","Included","Included","Server Authentication;Client Authentication;Code Signing;Document Signing;Encrypting File System;Secure Email;Time Stamping","Included","Websites;Email","85666A562EE0BE5CE925C1D8890A6F76A87EC16D4D7D5F29EA7419CF20123B69"
"SSL.com","SSL.com TLS ECC Root CA 2022","Included","serverAuth;clientAuth","Included","Included","Server Authentication;Client Authentication","Included","Websites","C32FFD9F46F936D16C3673990959434B9AD60AAFBB9E7CF33654F144CC1BA143"
"SSL.com","SSL.com TLS RSA Root CA 2022","Included","serverAuth;clientAuth","Included","Included","Server Authentication;Client Authentication","Included","Websites","8FAF7D2E2CB4709BB8E0B33666BF75A5DD45B5DE480F8EA8D4BFE6BEBC17F2ED"
"Swiss BIT, Swiss Federal Office of Information Technology, Systems and Telecommunication (FOITT)","Swiss Government Root CA I","Not Included","","Not Included","Included","Server Authentication;Client Authentication;Code Signing;Encrypting File System;IP Security Tunnel Termination;IP Security User;Secure Email;Time Stamping","Not Yet Included","","6EC6614E9A8EFD47D6318FFDFD0BF65B493A141F77C38D0B319BE1BBBC053DD2"
"SwissSign AG","SwissSign Gold CA - G2","Included","serverAuth;clientAuth;emailProtection","Included","Included","Server Authentication;Client Authentication;Code Signing;Secure Email","Included","Websites;Email","62DD0BE9B9F50A163EA0F8E75C053B1ECA57EA55C8688F647C6881F2C8357B95"
"SwissSign AG","SwissSign RSA SMIME Root CA 2022 - 1","Not Included","","Not Included","Included","Secure Email","Included","Email","9A12C392BFE57891A0C545309D4D9FD567E480CB613D6342278B195C79A7931F"
"SwissSign AG","SwissSign RSA TLS Root CA 2022 - 1","Not Included","","Included","Included","Server Authentication","Included","Websites","193144F431E0FDDB740717D4DE926A571133884B4360D30E272913CBE660CE41"
"SwissSign AG","SwissSign Silver CA - G2","Included","serverAuth;clientAuth;emailProtection","Removed","Included","Server Authentication;Client Authentication;Code Signing;Secure Email","Removed","","BE6C4DA2BBB9BA59B6F3939768374246C3C005993FA98F020D1DEDBED48A81D5"
"Taiwan-CA Inc. (TWCA)","TWCA CYBER Root CA","Not Included","","Included","Included","Server Authentication","Included","Websites","3F63BB2814BE174EC8B6439CF08D6D56F0B7C405883A5648A334424D6B3EC558"
"Taiwan-CA Inc. (TWCA)","TWCA Global Root CA","Included","serverAuth;clientAuth;emailProtection","Included","Included","Server Authentication;Code Signing;Secure Email","Included","Websites;Email","59769007F7685D0FCD50872F9F95D5755A5B2B457D81F3692B610A98672F0E1B"
"Taiwan-CA Inc. (TWCA)","TWCA Global Root CA G2","Not Included","","Not Included","Included","Client Authentication;Document Signing;Secure Email;Time Stamping","Included","Email","3A0072D49FFC04E996C59AEB75991D3C340F3615D6FD4DCE90AC0B3D88EAD4F4"
"Taiwan-CA Inc. (TWCA)","TWCA Root Certification Authority","Included","serverAuth;clientAuth;emailProtection","Removed","Included","Server Authentication;Client Authentication;Code Signing;Encrypting File System;IP Security Tunnel Termination;IP Security User;Secure Email;Time Stamping","Included","Websites;Email","BFD88FE1101C41AE3E801BF8BE56350EE9BAD1A6B9BD515EDC5C6D5B8711AC44"
"Telia Company","Telia EC Client Root CA v3","Not Included","","Not Included","Included","Client Authentication","Not Yet Included","","CCF6A7C3881928CFB1DBEBD74EABA50D3BC69633C106274D2C221ECCEE697E87"
"Telia Company","Telia EC Email Root CA v3","Not Included","","Not Included","Included","Secure Email","Not Yet Included","","3682228D7D678B571440CF1CB34E69FB4135FD6C2A1BE38E14163B711E02AE01"
"Telia Company","Telia EC Signing Root CA v3","Not Included","","Not Included","Included","Document Signing","Not Yet Included","","2C4E9B0F8D0FCDC308C077E30DD2349DAF871FB3A37214859C486189A9F80ADB"
"Telia Company","Telia EC TLS Root CA v3","Not Included","","Not Included","Included","Server Authentication","Not Yet Included","","098E08A91DBBF77478B96CCEB89B1413A5DA37B7C862606A955DEB07179F4326"
"Telia Company","Telia Root CA v2","Included","serverAuth;clientAuth;emailProtection","Included","Included","Server Authentication;Client Authentication;Document Signing;Secure Email","Included","Websites;Email","242B69742FCB1E5B2ABF98898B94572187544E5B4D9911786573621F6A74B82C"
"Telia Company","Telia RSA Client Root CA v3","Not Included","","Not Included","Included","Client Authentication","Not Yet Included","","6485F6E060934AF413EC54B9C65F87BD231929ECFA11DE522BAD8DC64F001571"
"Telia Company","Telia RSA Email Root CA v3","Not Included","","Not Included","Included","Secure Email","Not Yet Included","","5B0C502A7D963BA55217396FDA9B3DC78171000AEEFF42CECC3A20A7938163E8"
"Telia Company","Telia RSA Signing Root CA v3","Not Included","","Not Included","Included","Document Signing","Not Yet Included","","C2FB44D8DEF85126D84FC41FBE667BC811F0D633411CAC26D13FBD95EA5BE603"
"Telia Company","Telia RSA TLS Root CA v3","Not Included","","Not Included","Included","Server Authentication","Not Yet Included","","D13DB1294C45EBC6FC86C6BBF69FA29BDFE692DFF7C713C243C7A956C6A2284C"
"Telia Company","TeliaSonera Root CA v1","Included","serverAuth;clientAuth;emailProtection","Included","Included","Server Authentication;Client Authentication;Code Signing;Secure Email;Time Stamping","Included","Websites;Email","DD6936FE21F8F077C123A1A521C12224F72255B73E03A7260693E8A24B0FA389"
"Thailand National Root Certificate Authority (Electronic Transactions Development Agency)","Thailand National Root Certification Authority - G1","Not Included","","Not Included","Included","Server Authentication;Client Authentication;Code Signing;Document Signing;Encrypting File System;Secure Email;Time Stamping","Not Yet Included","","2A8DA2F8D23E0CD3B5871ECFB0F42276CA73230667F474EEDE71C5EE32CC3EC6"
"TrustAsia Technologies, Inc.","TrustAsia Global Root CA G3","Not Included","","Not Included","Not Included","","Included","Websites;Email","E0D3226AEB1163C2E48FF9BE3B50B4C6431BE7BB1EACC5C36B5D5EC509039A08"
"TrustAsia Technologies, Inc.","TrustAsia Global Root CA G4","Not Included","","Not Included","Not Included","","Included","Websites;Email","BE4B56CB5056C0136A526DF444508DAA36A0B54F42E4AC38F72AF470E479654C"
"TrustAsia Technologies, Inc.","TrustAsia SMIME ECC Root CA","Not Included","","Not Included","Not Included","","Included","Email","436472C1009A325C54F1A5BBB5468A7BAEECCBE05DE5F099CB70D3FE41E13C16"
"TrustAsia Technologies, Inc.","TrustAsia SMIME RSA Root CA","Not Included","","Not Included","Not Included","","Included","Email","C7796BEB62C101BB143D262A7C96A0C6168183223EF50D699632D86E03B8CC9B"
"TrustAsia Technologies, Inc.","TrustAsia TLS ECC Root CA","Not Included","","Included","Not Included","","Included","Websites","C0076B9EF0531FB1A656D67C4EBE97CD5DBAA41EF44598ACC2489878C92D8711"
"TrustAsia Technologies, Inc.","TrustAsia TLS RSA Root CA","Not Included","","Included","Not Included","","Included","Websites","06C08D7DAFD876971EB1124FE67F847EC0C7A158D3EA53CBE940E2EA9791F4C3"
"TrustFactory(Pty)Ltd","TrustFactory Client Root Certificate Authority","Not Included","","Not Included","Included","Client Authentication;Document Signing;Secure Email","Not Yet Included","","92C4DB06C42A130D663574D7741B7F93C806FD6714DCE890E84B568FAE86E64C"
"Trustis","Trustis FPS Root CA","Removed","","Not Included","Included","Server Authentication;Client Authentication;IP Security IKE Intermediate;IP Security Tunnel Termination;IP Security User;Secure Email","Removed","","C1B48299ABA5208FE9630ACE55CA68A03EDA5A519C8802A0D3A673BE8F8E557D"
"Viking Cloud, Inc.","Secure Global CA","Blocked","","Removed","Included","Server Authentication;Client Authentication;Code Signing;Secure Email;Time Stamping","Included","Websites;Email","4200F5043AC8590EBB527D209ED1503029FBCBD41CA1B506EC27F15ADE7DAC69"
"Viking Cloud, Inc.","SecureTrust CA","Included","serverAuth;clientAuth;emailProtection","Included","Included","Server Authentication;Client Authentication;Code Signing;Secure Email;Time Stamping","Included","Websites","F1C1B50AE5A20DD8030EC9F6BC24823DD367B5255759B4E71B61FCE9F7375D73"
"Viking Cloud, Inc.","Trustwave Global Certification Authority","Included","serverAuth;clientAuth;emailProtection","Included","Included","Server Authentication;Client Authentication;Code Signing;Secure Email;Time Stamping","Included","Websites;Email","97552015F5DDFC3C8788C006944555408894450084F100867086BC1A2BB58DC8"
"Viking Cloud, Inc.","Trustwave Global ECC P256 Certification Authority","Included","serverAuth;clientAuth;emailProtection","Included","Included","Server Authentication;Client Authentication;Code Signing;Secure Email;Time Stamping","Included","Websites;Email","945BBC825EA554F489D1FD51A73DDF2EA624AC7019A05205225C22A78CCFA8B4"
"Viking Cloud, Inc.","Trustwave Global ECC P384 Certification Authority","Included","serverAuth;clientAuth;emailProtection","Included","Included","Server Authentication;Client Authentication;Code Signing;Secure Email;Time Stamping","Included","Websites;Email","55903859C8C0C3EBB8759ECE4E2557225FF5758BBD38EBD48276601E1BD58097"
"Viking Cloud, Inc.","XRamp Global Certification Authority","Included","clientAuth;emailProtection","Removed","Included","Server Authentication;Client Authentication;Code Signing;OCSP Signing;Secure Email;Time Stamping","Included","Email","CECDDC905099D8DADFC5B1D209B737CBE2C18CFB2C10C0FF0BCF0D3286FC1AA2"
"Visa","Visa Information Delivery Root CA","Removed","","Not Included","Included","Server Authentication;Client Authentication;OCSP Signing;Secure Email","Not Yet Included","","C57A3ACBE8C06BA1988A83485BF326F2448775379849DE01CA43571AF357E74B"
"Visa","Visa Public ECC Root CA","Not Included","","Not Included","Included","Server Authentication;Client Authentication","Not Yet Included","","E6BE68CE06FE0DA0C140F1AEB00B67B636C5EEA9422088929362375CE086DB39"
"Visa","Visa Public RSA Root CA","Not Included","","Not Included","Included","Server Authentication;Client Authentication","Not Yet Included","","07CD9AA9064A9B94C6AEF8FB784C1BBC1BEDA08ACBE86878D781A39167626CF8"
"Zetes","ZETES TSP ROOT CA 001","Not Included","","Not Included","Included","Client Authentication;Document Signing;OCSP Signing;Secure Email;Time Stamping","Not Yet Included","","016E1DCD5F78841BBEBBAE9DDEA08C8D7EC54E698E95BB778ECDD1E10D8BF4F9"